thai,burmese,count,status,category
ประตูสวนปรุง/ประตูแสนปุง,အနောက်တောင်မုဒ်,150,Ready,Chiang Mai
ประตูสวนดอก,အနောက်ဖက်မုဒ်,0,Queue,Chiang Mai
ประตูท่าแพ,အရှေ့ဖက်မုဒ်,100,Ready,Chiang Mai
ประตูเชียงใหม่,တောင်ဖက်မုဒ်,0,Queue,Chiang Mai
ประตูช้างเผือก,မြောက်ဖက်မုဒ်,0,Queue,Chiang Mai
10โมงเช้า,မနက် ၁၀ နာရီ,1400,Ready,Time
11โมง50นาที,၁၁ နာရီ ၅၀ မိနစ်,1000,Ready,Time
11โมงเช้า,နံနက် ၁၁ နာရီ,1400,Ready,Time
15นาทีครับ,၁၅ မိိနစ်ပါ,100,Ready,General
180บาทครับ,ဘတ် ၁၃၀ ပါ,500,Ready,Measurement
1ทุ่ม,ည ၇ နာရီ,1400,Ready,Time
2ทุ่ม,ည ၈ နာရီ,1400,Ready,Time
30บาทครับ,ဘတ် ၃၀ ပါ,500,Ready,Measurement
3ทุ่ม,ည ၉ နာရီ,1400,Ready,Time
3ฤดูครับมีฤดูร้อน,ဥတု ၃ မျိုးရှိတယ်၊ နွေရာသီပါတယ်။,600,Ready,Weather
4ทุ่ม,ည ၁၀ နာရီ,1400,Ready,Time
4โมงเย็น,ညနေ ၄ နာရီ,1400,Ready,Time
5ทุ่ม,ည ၁၁ နာရီ,1400,Ready,Time
5โมงเย็น,ညနေ ၅ နာရီ,1400,Ready,Time
6โมงเช้า,မနက်6နာရီ,1400,Ready,Time
6โมงเย็น,ညနေ ၆ နာရီ,1400,Ready,Time
7โมงเช้า,မနက်၇နာရီ,1400,Ready,Time
8โมง15นาที,၈ နာရီ ၁၅ မိနစ်,500,Ready,Time
8โมงเช้า,မနက်၈နာရီ,1400,Ready,Time
9โมงตรง,၉ နာရီအတိပါ,1000,Ready,Time
9โมงเช้า,မနက်9နာရီ,1400,Ready,Time
ChrisBaker และ,Chris Baker နဲ့,1700,Ready,General
ก ไก่,ကြက်ဖ,8100,Ready,Consonant
กฎหมาย,ဥပဒေ,600,Ready,Politics
กรกฎาคม,ဇူလိုင်,6400,Ready,Calendar
กรมรบพิเศษที่5,အမှတ် (၅) အထူးစစ်ဆင်ရေးတပ်ရင်း,600,Ready,Military
กระจก,ဖန်ခွက်,4800,Ready,Food
กระจกเงา,မှန်,1700,Ready,Object
กระจาย,ပျံ့နှံ့တယ်။,4500,Ready,General
กระดาน,သင်ပုန်း,2500,Ready,Object
กระดาษ,စာရွက်,1000,Ready,Object
กระติกน้ำร้อน,ဓါတ်ဗူး,4200,Ready,House
กระทะ,ကြော်အိုး,4500,Ready,Food
กระป๋อง,သံဗူး,500,Ready,Object
กระผม,တပည့်တော်,3600,Ready,Pronoun
กระเทียม,ကြက်သွန်ဖြူ,1500,Ready,Food
กระเป๋าสตางค์,ပိုက်ဆံအိတ်,400,Ready,Object
กระเป๋าสตางค์,ပိုက်ဆံအိတ်,3500,Ready,Noun
กระเป๋าเป้,ကျောပိုးအိတ်,300,Ready,Clothing
กระโปรง,စကပ်,2000,Ready,Clothing
กริยา,ကြိယာ,300,Ready,Education
กรุณาช่วยผมด้วย,ကျေးဇူးပြုပြီးကျွန်တော့်ကိုကူညီပါ,1000,Ready,General
กรุณาสับมันหน่อย,တချက်လောက် ခုတ်ပေးပါဦး,1000,Ready,General
กลับไป,ပြန်သွား,400,Ready,Action
กลัวจะยัดไม่เข้า,မတော်မှာစိုးရိမ်တယ်,2800,Ready,Xxx
กลางคืน,ည,7600,Ready,Time
กล้วย,ငှက်ပျောသီး,3000,Ready,Food
กล้วยน้ำว้า,ဖီးကြမ်းသီး,1800,Ready,Nature
กว่า,ထက်ပို၍,500,Ready,General
กว้างหรือแคบ,ကျယ် သို့ ကျဥ်းသော,5000,Ready,Adjective
กษัตริย์,ဘုရင်,3000,Ready,Politics
กอด,ဖက်တယ်။,3200,Ready,General
กันยายน,စက်တင်ဘာ,6400,Ready,Calendar
กันสาย,အဆက်မပြတ်,2300,Ready,Xxx
กับ,နှင့်အတူ,300,Ready,General
กับคนไทยบ่อยๆ,ထိုင်းလူမျိုးတွေနဲ့ မကြာခဏ,1500,Ready,General
กัมพูชา,ကမ္ဘောရီးယား,3500,Ready,Country
กากี,ကာကီရောင်,500,Ready,Color
กางเกงขายาว,ဘောင်းဘီရှည်,4100,Ready,Clothing
กางเกงใน,အတွင်းခံဘောင်းဘီ,1300,Ready,Clothing
กามีตา,ကျီးမှာ မျက်လုံးရှိတယ်,500,Ready,School
การบ้าน,အိမ််စာ,1500,Ready,Education
การย้ายถิ่นฐาน,ပြောင်းရွှေ့နေထိုင်ခြင်း,900,Ready,Immigration
การสัมภาษณ์ใช้เวลานานเท่าไหร่,အင်တာဗျူးက ဘယ်လောက်ကြာမလဲ,500,Ready,Immigration
การออกเสียงภาษาไทย,ထိုင်းအသံထွက်က,1830,Ready,General
การเข้าเมือง,လူဝင်မှုကြီးကြပ်ရေး,1000,Ready,Immigration
การแข่งขัน,ပြိုင်ပွဲ,500,Ready,Sport
การโจรกรรม,ခိုးဝှက်မှု,1300,Ready,General
กาสีดำ,ကျီးမဲ,500,Ready,School
กำยำ,ခိုင်မာသည်,1100,Ready,Adjective
กำลังใจ,စိတ်ခွန်အား,6500,Ready,General
กำหนด,သတ်မှတ်တယ်။,4500,Ready,General
กำไร,အကျိုးအမြတ်,1700,Ready,Money
กิจกรรม,လှုပ်ရှားမှု/ပွဲ,1500,Ready,General
กินกันเถอะ,အတူစားကြစို့,2000,Ready,Daily
กินข้าวผัดเมื่อเช้า,ဒီမနက်ထမင်းကြော်စားခဲ့တယ်,1100,Ready,Daily
กินข้าวหรือยัง,ထမင်းစားပြီးပြီလား,4000,Ready,Daily
กินข้าวหรือยัง,စားပြီးပြီလား,300,Ready,Question
กินที่นี่,ဆိုင်ထိုင်စား,400,Ready,Daily
กินและดื่ม,စားဖို့နဲ့ သောက်ဖို့,10500,Ready,Action
กินแล้วครับ,စားပြီးပြီ,300,Ready,Daily
กิโล,ကီလို,10,Ready,Measurement
กีฬา,အားကစား,500,Ready,Sport
กี่โมงแล้ว?,ဘယ်နှနာရီလဲ,6300,Ready,Time
กุมภาพันธ์,ဖေဖော်ဝါရီ,6400,Ready,Calendar
กุ้ง,ပုဇွန်,4000,Ready,Food
ก็,လည်းပဲ,500,Ready,General
ก็คงไม่รู้ว่าใจตรงกัน,တို့ရဲ့ခံစားချက်တွေ ထပ်တူညီနေတာ သိနိုင်တော့မှာမဟုတ်ဘူး။,1800,Ready,Song
ก่อนที่เธอจะมาถึง,သူမ မရောက်ခင်,2100,Ready,Time
ก่อนและหลัง,မတိုင်ခင်နဲ့ ပြီးနောက်,4300,Ready,Time
ก้อน,အတုံးအရေအတွက်,900,Ready,Measurement
ก๊อกน้ำ,ရေပိုက်ခေါင်း,1000,Ready,Object
ก๋วยเตี๋ยว,ကွေ့တယို,500,Ready,Food
ก๋วยเตี๋ยวน้ำใส,ကွေ့တယို ဟင်းရည်ကြည်,400,Ready,Food
ข ไข่,ဥ,8100,Ready,Consonant
ขณะนี้ผมทำงานระยะไกลจากประเทศเมียนมาร์,အခု မြန်မာနိုင်ငံက အဝေးအလုပ်တွေ လုပ်နေတယ်။,520,Ready,Myself
ขนมจีน,ထိုင်းမုန့်ဟင်းခါး,2100,Ready,Food
ขยะ,အမှိုက်,500,Ready,Object
ขอกาแฟร้อนหนึ่งถ้วยครับ,ကော်ဖီပူပူတခွက်ပေးပါ,435,Ready,Food
ขอกาแฟเย็นหนึ่งแก้ว,ကျေးဇူးပြုပြီးကော်ဖီအေးတခွက်ပေးပါ,1300,Ready,Drink
ขอข้าวเพิ่มอีก2จาน,နောက် ထမင်း ၂ ပွဲထပ်ယူမယ်,1700,Ready,Food
ของนักเขียนทั้งพม่า,ဗမာစာရေးဆရာတွေ,2500,Ready,General
ของประเทศไทย,ထိုင်းနိုင်ငံရဲ့,2000,Ready,General
ของผมจะพัฒนา,ကျနော့်…တိုးတက်လာမယ်,1800,Ready,General
ของหาย,ပစ္စည်းပျောက်တယ်,5800,Ready,General
ของแถม,လက်ဆောင်,6500,Ready,General
ของใคร,ဘယ်သူ့ဟာလဲ,5000,Ready,General
ขอซื้อดอกกุหลาบ3ดอก,နှင်းဆီ ၃ ပွင့်ပေးပါ,600,Ready,Nature
ขอดูแหวนได้ไหม?,လက်စွပ်ကို ကြည့်လို့ရမလား,900,Ready,Question
ขอน้ำผลไม้,သစ််သီးဖျော်ရည်တမျိုးမျိုးလိုချင်တယ်,400,Ready,Drink
ขอน้ำส้มหนึ่งแก้ว,လိမ္မော်ရည်တခွက်ပေးပါ,400,Ready,Drink
ขอน้ำเปล่าหนึ่งขวดครับ,ရေတပုလင်းပေးပါ,1500,Ready,Drink
ขอบคุณครับ,ကျေးဇူးပါ,510,Ready,General
ขอบคุณที่รับฟังครับ,နားထောင်ပေးလို့ ကျေးဇူးပါ။,3300,Ready,General
ขอบคุณมากคับ,ကျေးဇူးအရမ်းတင်ပါတယ်ခင်ဗျ,7000,Ready,Gratitude
ขอลองได้ไหม,ကြိုးစား(ဝတ်)ကြည့်လို့ရမလား,1000,Ready,Question
ขอสั่งอีกอันหนึ่งด้วย,တပွဲထပ်ယူပါမယ်,2100,Ready,Food
ขอสายชาร์จ,ဖုန်းအားသွင်းကြိုး ရမလား,2300,Ready,Daily
ขออายุเท่าไหร่คับ,အသက်ဘယ်လောက်ရှိပြီလဲ?,7000,Ready,Greeting
ขอเบอร์โทรศัพท์หน่อย,ဖုန်းနံပါတ် တချက်လောက်ပေးပါ,3000,Ready,General
ขอเบียร์สิงห์สองขวด,စင်ဂါးဘီယာ ၂ ပုလင်းပေးပါ,280,Ready,Drink
ขอเพิ่มอีก,ကျေးဇူးပြုပြီးထပ်ထည့်ပါ,1000,Ready,Food
ขอเรียกรถแท็กซี่หน่อย,တက္ကစီခေါ်ပေးနိုင်မလား,1400,Ready,General
ขอแก้วสามใบด้วยครับ,ခွက် ၃ ခွက်လည်းပေးပါ,500,Ready,Object
ขอแม่โขงหนึ่งขวด,မဲခေါင် ၁ လုံးပေးပါ,300,Ready,Drink
ขอโซดาเพิ่มอีกหนึ่งขวด,ဆိုဒါ နောက် ၁ လုံးရနိုင်မလား,500,Ready,Drink
ขอโทษครับกี่โมงแล้วครับ,တဆိတ်လောက် ဘယ်နှနာရီထိုးပြီလဲ,800,Ready,General
ขับรถดีๆนะ,ကားကိုဂရုစိုက်မောင်းပါ,500,Ready,TravelSafety
ตาโต,မျက်လုံးကြီး,1000,Ready,Body
ใหญ่หรือเล็ก,ကြီး သို့ သေးသော,3300,Ready,Adjective
ขิง,ဂျင်း,1900,Ready,Food
ขี,မစင်,500,Ready,Daily
ขี่มอไซค์ดีๆนะ,ဆိုင်ကယ်ကိုဂရုတစိုက်စီးပါ။,500,Ready,TravelSafety
ขึ้นเร็วๆนี้,မကြာပါဘူး,2000,Ready,General
ขูดหินปุ่น,သွားချေးချွတ်သည်,1440,Ready,Health
ข่าว,သတင်း,50,Ready,General
ข้อมูล,ဒေတာ,500,Ready,Technology
ข้าว,ဆန်,4000,Ready,Food
ข้าวซอย,ခေါက်ဆွဲ,500,Ready,Food
ข้าวผัด,ထမင်းကြော်,500,Ready,Food
ข้าวผัดสับปะรด,နာနတ်သီးထမင်းကြော်,500,Ready,Food
ข้าวยำ,အသုတ်စုံထမင်း,2700,Ready,Food
ข้าวสวย,ထမင်း,4000,Ready,Food
ข้าวเหนียว,ကောက်ညှင်း,10,Ready,Food
ฃ ขวด,ပုလင်း,8100,Ready,Consonant
ค ควาย,ကျွဲ,8100,Ready,Consonant
คงจะมา,လာချင်လာလိမ့်မယ်,7400,Ready,Prediction
คนจีนและคนญี่ปุ่นชอบดื่มน้ำชาร้อน,တရုတ်နဲ့ ဂျပန်တွေက လက်ဖက်ရည်အပူကြိုက်တယ်,600,Ready,General
คนพม่า,ဗမာလူမျိုး,5000,Ready,People
คนอเมริกันชอบดื่มกาแฟไม่ใส่น้ำตาล,အမေရိကန်တွေက ကော်ဖီကို သကြားမထည့်တာကြိုက်တယ်,100,Ready,General
คนไทยชอบดื่มกาแฟเย็น,ထိုင်းတွေက ကော်ဖီအေးသောက်ရတာ ကြိုက်တယ်,700,Ready,Food
ผมจะเอา 2 กำ,ဟုတ်ကဲ့ ၂ စည်းယူမယ်,800,Ready,General
ครัว,မီးဖိုချောင်,4000,Ready,House
ครั้งเดียวเท่านั้น,တကြိမ်ပဲ,2300,Ready,General
คราวหน้า,နောက်အကြိမ်,2500,Ready,Time
ครีม,ခရမ်၊ ကော်ဖီမိတ်,800,Ready,Ingredient
ครึ่ง,တဝက်,500,Ready,Number
ครู,ဆရာ,500,Ready,Job
คลังเก็บเอกสารสำคัญ,မော်ကွန်း,1300,Ready,School
คลินิกทันตกรรม,သွားဆေးခန်း,2600,Ready,Place
ควย,ဒုတ်,300,Ready,Slang
ควรมา,လာသင့်တယ်,8500,Ready,Advice
ความผูกพัน,သံယောဇဉ်,500,Ready,Emotion
คอมพิวเตอร์,ကွန်ပြူတာ,400,Ready,Object
คอมพิวเตอร์ของฉันเสีย,ကျွန်တော့်ကွန်ပျူတာ ပျက်သွားပြီ,500,Ready,Technology
คัดลายมือ,လက်ရေးကျင့်,1500,Ready,Education
คำถามที่ไม่ต้องการคำตอบ,အဖြေမလိုတဲ့မေးခွန်းမျိုး,1200,Queue,Question
คำนาม,နာမ်,2000,Ready,Education
คำร้องขอ,လျှောက်လွှာ,1800,Ready,Immigration
คำศัพท์,ဝေါဟာရ,3900,Ready,Education
คำเตือน,သတိ,1500,Ready,General
คิด,စဥ်းစားသည်,4000,Ready,General
คิดบวกหรือคิดลบ,အကောင်းမြင် သို့ မကောင်းမြင်သည်,5300,Ready,General
คิดมากไปทำไม,ဘာလို့အတွေးများနေတာလဲ,6600,Ready,Daily
คิดว่าผมไม่รู้หรอ,ငါမသိဘူးလို့ထင်နေတာလား,3200,Ready,Daily
คิดอะไรอยู่หรอ,ဘာတွေတွေးနေတာလဲ,6600,Ready,Daily
คิดเงิน,ငွေရှင်းမယ်,2300,Ready,Daily
คิดเอาแล้ว,စဥ်းစားလို့ရပြီ,4500,Ready,General
คิดเอาแล้วว่าต้องทำยังไง,ဘာလုပ်ရမလဲ စဥ်းစားလို့ရပြီ,4400,Ready,General
คิดไม่เอา,မစဥ်းစားနဲ့,6100,Ready,Daily
คิว,တန်းစီသည်,3000,Ready,Verb
คือการอ่านหนังสือ,စာအုပ်ဖတ်ခြင်းပါ,2700,Ready,General
คุณ,ခင်ဗျား/သင်,1000,Ready,Pronoun
คุณจะซื้อผลไม้ที่ตลาดนานไหมครับ,ဈေးမှာ သစ်သီးဝယ်ဖို့ ဘယ်လောက်ကြာမလဲ။,600,Queue,General
คุณจะอยู่เมืองไทยนานไหมครับ,ထိုင်းမှာ အကြာကြီးနေမှာလား။,3300,Ready,General
คุณจะเข้าเรียนกี่โมงครับ,ဘယ်နှနာရီကျောင်းသွားလဲ,1600,Ready,School
คุณชอบกีฬาอะไร,မင်း ဘာအားကစား ကြိုက်လဲ,100,Ready,Sport
คุณชื่ออะไร,ခင်ဗျားနာမည်ဘယ်လိုခေါ်လဲ။,8000,Ready,Greeting
คุณชื่ออะไรครับ,ခင်ဗျားနာမည်ဘယ်လိုခေါ်ပါသလဲ,500,Ready,Introduction
คุณช่วยฉันแก้ไขปัญหานี้ได้ไหม,ဒီပြဿနာကို ဖြေရှင်းဖို့ ကျွန်တော့်ကို ကူညီနိုင်မလား,0,Queue,Technology
คุณช่วยอธิบายเป็นภาษาอังกฤษได้ไหม,ဒါကိုအင်္ဂလိပ်လိုရှင်းပြလို့ရမလား?,2000,Ready,Daily
คุณช่างงดงาม,မင်းကလှတယ်,15015,Ready,Greeting
คุณทานข้าวเที่ยงแล้วหรือยัง,နေ့လည်စာစားပြီးပြီလား,2200,Queue,General
คุณทำอะไรในวันหยุด,အားလပ်ရက်မှာ မင်း ဘာလုပ်လဲ,100,Ready,Leisure
คุณพูดภาษาอังกฤษได้ไหมคับ,အင်္ဂလိပ်လိုပြောတတ်လား,7000,Ready,Greeting
คุณมาจากไหน,ဘယ်ကလာလဲ,600,Ready,Question
คุณมีเอกสารที่จำเป็นทั้งหมดหรือไม่,လိုအပ်တဲ့ စာရွက်စာတမ်းတွေ အားလုံး မင်းမှာ ရှိလား,735,Drill,Immigration
คุณมีแอปพลิเคชันนี้หรือไม่,ဒီအပလီကေးရှင်းကို မင်းမှာရှိလား,0,Queue,Technology
คุณล่ะครับ,ခင််ဗျားရော။,110,Ready,General
คุณล่ะครับจะกลับบ้านเมื่อไหร่,မင်းကော ဘယ်တော့အိမ်ပြန်မှာလဲ?,600,Queue,General
คุณล่ะครับเกิดเดือนอะไร,မင်းကော ဘယ်လမှာမွေးလဲ?,200,Ready,General
คุณสบายดีไหมครับ,နေကောင်းပါသလားခင်ဗျ,500,Ready,Introduction
คุณสาบายดีไหมคับ,နေကောင်းလားခင်ဗျ,7500,Ready,Greeting
คุณสามารถนั่งบนม้านั่งตัวนี้ได้,ဒီခုံမှာထိုင်နိုင်ပါတယ်။,1300,Queue,Daily
คุณเกิดวันอะไร,ခင်ဗျားဘယ်နေ့ဖွားလဲ,800,Ready,Question
คุณเกิดเดือนอะไรครับ,မင်းဘယ်လမှာမွေးတာလဲ။,200,Ready,Question
คุณเกิดเมื่อไหร่ครับ,သင့်ကိုဘယ်တုန်းကမွေးပါသလဲ?,1300,Ready,Time
คุณเรียนภาษาไทยกี่โมงครับ,ထိုင်းစာကို ဘယ်အချိန်လေ့လာလဲ။,1000,Queue,General
คุณเรียนภาษาไทยมากี่ปีแล้วครับ,ထိုင်းစာကို ဘယ်နှစ်နှစ်လောက် လေ့လာပြီးပြီလဲ။,600,Queue,General
คุณไม่อยากไปเที่ยวบ้างหรือครับ,ခရီးလေးတောင်မသွားချင်ဘူးလား။,600,Queue,General
คู่ใจ,ချစ်သူ,3500,Queue,Daily
ค่อนข้างถูก,တန်တယ်,3100,Queue,Money
ค่อยค่อยคิด,ဖြည်းဖြည်းစဥ်းစားပါ,5600,Ready,Daily
ค่าประกัน,စပေါ်,2500,Queue,Money
ค่ามัดจำ,စရံ,3500,Queue,Money
ค่ายรบพิเศษที่5,အမှတ် (၅) အထူးစစ်ဆင်ရေးစခန်း,1000,Ready,Military
ค่าเช่า,အိိမ်ငှားခ,1300,Queue,General
ฅ ฅน,လူ,8100,Ready,Consonant
ฆ ระฆัง,ခေါင်းလောင်း,9600,Ready,Consonant
ฆาตกรรม,လူသတ်မှု,3000,Queue,General
ง งู,မြွေ,8100,Ready,Consonant
งั้นๆนะ,ဒီလိုပါပဲ။,8000,Ready,Greeting
งั้นๆอะ,ဒီလိုပါပဲ,500,Ready,General
งาดำ,နှမ်းနက်,2000,Ready,Food
งานของผมเป็นงานอิสระ,ကျွန်တော့်အလုပ်က freelance ပါ။,2000,Queue,General
งานอดิเรกของฉันคือการวาดรูป,ကျွန်တော့်ဝါသနာက ပုံဆွဲတာပါ,5,Queue,Leisure
งานอดิเรกของผม,ကျနော့်ဝါသနာ,2700,Queue,General
งานไหล่ทางข้างหน้า,လမ််းပြင်နေသည်,3000,Queue,General
งูมีจอ,မြွေမှာကွင်းရှိတယ်,1200,Queue,School
ง่วงนอน,အိပ်ငိုက်သည်,4000,Queue,Health
ง่ายหรือยาก,လွယ်သို့ ခက်သော,1500,Queue,Adjective
จ จาน,ပန်းကန်,8100,Ready,Consonant
จดหมายแนะนำ,ထောက်ခံစာ,1500,Queue,General
จระเข้,မိကျောင်း,1500,Queue,Animal
จอดูนา,ခွေးကကွင်းပြင်ကိုကြည့်တယ်,1200,Queue,School
จอบ,ပေါက်တူး,800,Queue,Object
จอห์นมาสายมาก,ဂျွန်လာတာ သိပ်နောက်ကျတယ်,600,Queue,School
จะกลับบ้านเมื่อไหร่ครับ,မင်းဘယ်တော့အိမ်ပြန်မှာလဲ,600,Queue,General
จะกินน้ำอะไรครับ,ခင်ဗျားဘာသောက်ချင်လဲ,800,Queue,General
จะชอบ,ကြိုက်မယ်,8000,Ready,Verb
จะดื่มอะไรดีครับ,ခင်ဗျားဘာသောက်ချင်လဲ,400,Ready,General
จะดื่มเหล้าหรือเบียร์ดีครับ,အရက်လား ဘီယာလား ဘာသောက်ချင်လဲ,100,Ready,Drink
จะดู,ကြည့်မယ်,510,Ready,School
จะทานอาหารเที่ยงกี่โมงครับ,ဘယ်အချိန်နေ့လည်စာစားလဲ,1200,Ready,General
จะทำ,လုပ်မယ်,7000,Ready,Verb
จะทำงาน,အလုပ်လုပ်မယ်,3000,Ready,Verb
จะทำดี,ကောင််းတာလုပ်မယ်,500,Ready,General
จะปะ,သွားမလား,500,Ready,General
จะพูดภาษาไทยว่าอย่างไร,ထိုင်းလိုဘယ်လိုခေါ်လဲ,1600,Ready,Question
จะเลิกเรียนกี่โมงครับ,ကျောင်းဘယ်နှနာရီဆင်းလဲ,1000,Queue,School
จะเสร็จ,ပြီးတော့မယ်,650,Queue,18+
จะเห็น,မြင်မယ်,10000,Ready,Verb
จะแปลหนังสือ,ကျနော်ဘာသာပြန်ဖို့စဥ်းစားနေတယ်,2500,Queue,General
จะใช้,သုံးမယ်,7500,Ready,Verb
จะไป,သွားမယ်,500,Ready,General
จะไปทำงาน,အလုပ်သွားလုပ်မယ်,4500,Ready,Job
จะไปไหนครับ,ဘယ်သွားမလို့လဲ,300,Ready,Question
จังหวัด,ပြည်နယ်,1400,Ready,Place
จาก,မှ,400,Ready,General
จากโรงเรียน,ကျောင််းက,500,Queue,General
จาน,ပန်းကန်,200,Ready,Object
จำได้ไหม,မှတ်မိလား,800,Queue,Question
จีน,တရုတ်,2000,Queue,Country
จีบ,ချဥ်းကပ်သည်,1300,Queue,Daily
จ่ายเงินแล้วครับ,ပေးပြီးပါပြီ,2000,Queue,General
จําคํา,စာလုံးကို မှတ်မိသည်,1000,Queue,Education
จําปี,စကားပန်း,1300,Queue,Flower
จําเจ,ပျင်းစရာ,1000,Queue,Adjective
ฉ ฉิ่ง,စည်း,8600,Ready,Consonant
ฉัน,ကျွန်မ,6000,Ready,Pronoun
ผมกำลังดาวน์โหลดไฟล์,ကျွန်တော် ဖိုင်ကို ဒေါင်းလုဒ်လုပ်နေတယ်,10,Ready,Technology
ฉันกำลังรอการอนุมัติวีซ่า,ကျွန်တော် ဗီဇာအတည်ပြုချက်ကို စောင့်နေတယ်,11,Queue,Immigration
ผมจะไปวิ่งที่สวนสาธารณะ,ကျွန်တော် ပန်းခြံမှာ သွားပြေးမယ်,0,Queue,Sport
ผมชอบฟังเพลงตอนทำความสะอาดบ้าน,အိမ်သန့်ရှင်းရေးလုပ်တဲ့အခါ သီချင်းနားထောင်ရတာ ကြိုက်တယ်,300,Ready,Leisure
ผมชอบอ่านหนังสือในเวลาว่าง,ကျွန်တော် အားလပ်ချိန်မှာ စာအုပ်ဖတ်ရတာ ကြိုက်တယ်,175,Ready,Leisure
ผมชอบเล่นกีฬา,ကျွန်တော် အားကစားလုပ်ရတာ ကြိုက်တယ်,0,Queue,Sport
ผมดูซีรีส์เรื่องนี้จบแล้ว,ဒီစီးရီးကို ကျွန်တော် ကြည့်ပြီးပြီ,500,Ready,Leisure
ฉันต้องการซื้อโทรศัพท์ใหม่,ကျွန်တော် ဖုန်းအသစ်တစ်လုံး ဝယ်ချင်တယ်,0,Queue,Technology
ฉันต้องการใบอนุญาตทำงาน,ကျွန်တော် အလုပ်လုပ်ခွင့်ပါမစ် လိုချင်တယ်,0,Queue,Immigration
ฉันต้องทำวีซ่าเมื่อไหร่,ဘယ်အချိန်မှာ ဗီဇာ လျှောက်ရမလဲ,0,Queue,Immigration
ฉันต้องทำอะไรเพื่อต่ออายุวีซ่า,ဗီဇာသက်တမ်းတိုးဖို့ ဘာလုပ်ရမလဲ,0,Queue,Immigration
ฉันลืมรหัสผ่าน,စကားဝှက်ကို မေ့သွားပြီ,0,Queue,Technology
ฉันอยู่ที่นี่อย่างถูกกฎหมาย,ကျွန်တော် ဒီမှာ ဥပဒေနဲ့အညီ နေထိုင်သည်,0,Queue,Immigration
ฉันอายุน้อยกว่าคุณ,ဟ,1000,Queue,General
ฉันอายุมากกว่าคุณ,ဟ,1000,Queue,General
ฉันใช้โทรศัพท์เพื่อทำงาน,အလုပ်လုပ်ဖို့ ဖုန်းကို သုံးတယ်,0,Queue,Technology
ฉันไปดูการแข่งขัน,ကျွန်တော် ပြိုင်ပွဲကို သွားကြည့်တယ်,55,Queue,Sport
ฉันไม่เคยพูดความในใจที่มีกับเธอเลยสักครั้ง,ကိုယ့်ခံစားချက်တွေ မင်းကိုတခါမှမပြောဖူးဘူး,1000,Queue,Song
ช ช้าง,ဆင်,8100,Ready,Consonant
ชนะ,အနိုင်ရရှိသည်,500,Ready,Sport
ชมพู่,ရုပ်သံတင်ဆက်သူ၊ သရုပ်ဆောင်၊ မော်ဒယ် ချွမ်ဖု,800,Queue,Person
ชอบสีอะไร,ဘာအရောင်ကြိုက်လဲ,4000,Ready,Color
ชะนี,မျောက်လွှဲကျော်,1500,Queue,Animal
ชั่วโมง,နာရီီ(ကြာ),500,Ready,Time
ชาดำ,လက်ဖက်ရည်ကြမ်း,1000,Ready,Food
ชาดี,လက်ဖက်ရည်ကောင်းတယ်,500,Ready,Food
ชาม,ပန်းကန်လုံး,4000,Ready,Food
ชายแดน,နယ်စပ်,0,Queue,Immigration
ชาร์จแบตเตอรี่,ဘက်ထရီအားသွင်း,0,Queue,Technology
ชาวจีน,တရုတ်လူမျိုး,6000,Ready,People
ชาวบ้าน,အရပ်သား,1000,Queue,Social
ชิ้น,ပစ္စည်း,1000,Queue,Object
ชิ้น,အပိုင်းအစ,500,Ready,General
ชื่อ,နာမည်,5000,Ready,Greeting
ชื่อผมครับ,ကျနော့်နာမည်က ပီတာပါ,500,Ready,Introduction
ชูใจ,အားတင်းသည်,2500,Queue,Emotion
ช่วยหาหน่อย,ကူရှာပေးဦး,11000,Ready,General
ช่วยเล่าให้ฟัง,တဆိတ်လောက် ကျနော့်ကိုပြောပါ,2000,Queue,General
ช่างไม้,လက်သမား,800,Queue,Job
ช้อนและส้อม,ဇွန်းနဲ့ ခက်ရင်း,6100,Ready,Food
ช้อปปิ้ง,ဈေးဝယ်သည်,0,Queue,Leisure
ช้างคลาน,ချန်းခလန်,1500,Ready,Place
ช้างม่อย,ချန်းမွိုင်,1500,Ready,Place
ช้างเผือก,ချန်ဖုခ်,1500,Ready,Place
ช้าหรือเร็ว,အနှေး သို့ အမြန်,8000,Queue,Adjective
ซ โซ่,သံကြိုး,9100,Ready,Consonant
ซอฟต์แวร์,ဆော့ဖ်ဝဲ,10,Ready,Technology
ซอย,ဘလောက် သို့ လမ်းကြား,300,Ready,Driving
ซอส,ဆော့,5500,Ready,Food
ซักเสื้อผ้า,အဝတ်လျှော်သည်,3000,Ready,Daily
ซาลาเปา,ပေါက်စီ,1300,Ready,Food
ซื้อและขาย,ဝယ်နဲ့ရောင်း,8500,Ready,Verb
ซุปกระดูกหมู,ဝက်ရိုးပြုတ်,500,Queue,Food
ซ้ายหรือขวา,ဘယ်် သို့ ညာ,400,Ready,Direction
ซ้ำ,တဖန်,400,Ready,General
ฌ เฌอ,သစ်ပင်,9600,Ready,Consonant
ญ หญิง,မိန်းကလေး,8100,Ready,Consonant
ญาติ,ဆွေမျိုး,2500,Queue,Family
ญี่ปุ่น,ဂျပန်,3000,Ready,Country
ฎ ชฎา,နတ်သမီးခေါင်းဆောင်း,8100,Ready,Consonant
ฏ ปฏัก,လှံ,9600,Ready,Consonant
ฐ ฐาน,ပုလ္လင်ခံ,13200,Ready,Consonant
ฑ มณโฑ,နတ်သမီး,9600,Ready,Consonant
ฒ ผู้เฒ่า,အဘိုးအို,9100,Ready,Consonant
ณ เณร,ကိုရင်,11800,Ready,Consonant
ด เด็ก,ကလေး,9760,Ready,Consonant
ดอกกุหลาบสวยกว่าเบญจมาศ,နှင်းဆီများသည် ဂန္ဓမာပန်းများထက် ပိုလှသည်။,1000,Ready,Nature
ดอกทานตะวัน,နေကြာပန်း,4500,Queue,Flower
ดอกบัว,ကြာပန်း,500,Queue,Flower
ดอกมะลิ,စံပယ်ပန်း,1000,Ready,Nature
ดอกสาละลังกา,အင်ကြင်းပန်း,500,Queue,Nature
ดอกเบญจมาศ,ဂန္ဓမာ,1000,Queue,Nature
ดอกเฟื่องฟ้า,စက္ကူပန်း,1000,Queue,Nature
ดอยอินทนนท์สูงกว่าดอยสุเทพ,ဒွယ်အင်ထနွန် က ဒွယ်ဆုထေ့ထက်မြင့်တယ်။,500,Ready,Place
ดังหรือเงียบ,အကျယ် သို့ အတိုး,4000,Queue,Adjective
ดั่งบนสวรรค์เปิดทาง,ကောင််းကင်က ကိုယ့်ခံစားချက်တွေကို လမ်းဖွင့်ပေးနေသလိုပဲ,1000,Queue,Sound
ดาวน์โหลด,ဒေါင်းလုဒ်လုပ်သည်,0,Queue,Technology
ดาวิกาโฮร์เน่,သရုပ်ဆောင်၊ မော်ဒယ် ဒါဝိကာ ဟိုနဲ,300,Ready,Person
ดีคับ,ကောင်းတယ်။,5000,Ready,Greeting
ดีมาก,သိပ်ကောင်းတယ်။,6000,Ready,Greeting
ดีใจ,ပျော်ရွှင်သည်,2000,Queue,Emotion
ดื่มน้ำผลไม้เมื่อบ่าย,နေ့ခင်းဘက် သစ်သီးဖျော်ရည်သောက်တယ်။,800,Ready,Food
ดูกาชา,ရေနွေအိုးကိုကြည့်တယ်,1200,Queue,School
ดูซีรีส์,စီးရီးကြည့်သည်,0,Queue,Leisure
ดูหนัง,ရုပ်ရှင်ကြည့်သည်,0,Queue,Leisure
ดูเขาทํานา,သူ့လယ်ကိုစစ်,600,Queue,Daily
ดูแลตัวเองดีๆ นะ,ဂရုစိုက်ပါ။,14100,Ready,Greeting
ดูใจ,(အတွင်း)စိတ်ကိုကြည့်,505,Ready,Education
ด่วน,သတိ,500,Ready,General
ด่านตรวจ,စစ်ဆေးရေးဂိတ်,3500,Ready,Place
ด้วยไทยล้วนหมายรักสามัคคี,ထိုင်းလူမျိုးတို့ရဲ့မျိုးချစ်စိတ်နဲ့ စည်းလုံးညီညွတ်ခြင်းဖြင့်,100,Ready,Song
ด้านบนหรือด้านล่าง,အပေါ် သို့ အောက်မှာ,2500,Queue,Direction
ด้านหน้าหรือด้านหลัง,ရှေ့ သို့ နောက်မှာ,1000,Queue,Direction
ต เต่า,လိပ်,10760,Ready,Consonant
ตรง,နာရီ အတိ,400,Ready,Time
ตรงเวลา,အချိန်မှန်,200,Ready,Time
ตรงไป,တည့်တည့်သွား,400,Ready,Direction
ตระกูล,မိသားစု,3000,Queue,Family
ตลาดกาดหน้ามอ,ကျောင်းသားညဈေး,500,Ready,Place
ตอนกลางคืน,ညဖက်,500,Queue,Time
ตอนกลางคืนตอน2ทุ่มครับ,ည ၈ နာရီမှာပါ,600,Queue,Time
ตอนกลางคืนล่ะครับ,ညဖက်မှာ,600,Queue,General
ตอนกลางวัน,နေ့ဖက်,500,Queue,Time
ตอนนี้,အခု,2500,Queue,Time
ตอนนี้ผมกำลัง,အခုကျနော်(လုပ်)နေတယ်,1700,Queue,General
ตอนนี้รถติดมาก,အခု ကားအရမ်းပိတ်တယ်။,500,Queue,General
ตอนนี้เมืองไทยเป็นฤดูอะไรครับ,အခု ထိုင်းမှာ ဘယ်ရာသီလဲ။,600,Queue,Weather
ตอนบ่าย,နေ့လည်ပိုင်း,5500,Ready,Time
ตอนบ่ายจอห์นและแอนน์ทำการบ้าน,နေ့လည််ပိုင်းမှာ ဂျွန်နဲ့အန်းတို့ အိမ်စာလုပ်ကြတယ်,800,Queue,School
ตอนบ่ายมีเรียนไหมครับ,နေ့လည် အတန်းရှိလား,600,Queue,School
ตอนบ่ายล่ะครับ,ဒီနေ့လည်ကော ဘယ်လိုလဲ။,110,Ready,General
ตอนบ่ายโมงจะไปตลาดซื้อผลไม้,နေ့လည် ၁ နာရီမှာ အသီးသွားဝယ်မယ်။,600,Queue,General
ตอนสาย,နေမြင့်,500,Queue,Time
ตอนเช้า,မနက်ပိုင်း,5000,Ready,Time
ตอนเย็น,ညနေ,8500,Ready,Time
ตอนเย็นกลับบ้านและทำการบ้านครับ,ညနေ အိမ်ပြန်ပြီး အိမ်စာလုပ်ပါ။,600,Queue,General
ตอนเย็นมันก็แจ่ม,ညနေပိုင်း နေသာတယ်,1500,Queue,Weather
ตอนเย็นล่ะคุณทำอะไรครับ,ညနေ ဘာလာလုပ်တာလဲ။,600,Queue,General
ตอนเย็นเขาสองคนไปเที่ยวตลาด,ညနေမှာ နှစ်ယောက်သား ဈေးသွားကြတယ်,600,Queue,General
ตะวันออกและตะวันตก,အရှေ့နဲ့ အနောက်,1700,Queue,Direction
ตะหลิว,ယောက်မ,6300,Ready,Food
ตะเกียบ,တူ,4500,Ready,Food
ตะไบ,တံစည်း,2000,Queue,Object
ตัก,နှစ်သည်,500,Queue,Action
ตัวร้อน,ကိုယ်ပူသည်,100,Ready,Health
ตัวอย่าง,နမူနာ,500,Queue,General
ตั้งแต่7:00น,၇ နာရီစပြီး,500,Ready,Time
ตาดํา,မျက်လုံးနက်,500,Ready,School
ตาปู,ဂဏန်းမျက်လုံး/ အချွန်,500,Ready,School
ตาย,သေဆုံးသည်,1800,Queue,General
ตายแล้ว,သေပါပြီ,600,Queue,Exclamation
ตาสีดํา,မျက်လုံးနက်,500,Ready,School
ตาและยาย,အဘိုးနဲ့ အဖွား (အမေဘက်),1000,Queue,Family
ตำบล,မြို့နယ်,2300,Ready,Place
ตำรวจ,ရဲ,15,Ready,Job
ตำรา,ကျောင်းသုံးစာအုပ်,1000,Queue,Education
ตี1เช้า,tee neung chao,1400,Ready,Time
ตี2เช้า,မနက်2နာရီ,1400,Ready,Time
ตี3เช้า,မနက်3နာရီ,1400,Ready,Time
ตี4เช้า,မနက်4နာရီ,1400,Ready,Time
ตี5เช้า,မနက်5နာရီ,1400,Ready,Time
ตีตาปู,ဂဏန်းရဲ့မျက်လုံးကို ပုတ်တယ်/ သံရိုက်တယ်,500,Ready,School
ตีและขีด,ရိုက်ပြီး ခြစ်တယ်။,1500,Queue,Action
ตื่นนอน,အိပ်ရာထသည်,1500,Queue,General
ตื่นนอนแล้วก็มาเรียนหนังสือ,အိပ််ရာထပြီး စာသွားသင်တယ်,600,Queue,General
ตุลาคม,အောက်တိုဘာ,6400,Queue,Calendar
ตุลาคม,အောက်တိုဘာလ,110,Ready,Time
ตู้เย็น,ရေခဲသေတ္တာ,6300,Ready,House
ตู้เสื้อผ้า,ဗီဒို,3800,Queue,Object
ต่อวีซ่า,ဗီဇာသက်တမ်းတိုးဖို့,500,Queue,Daily
ต่ออายุ,သက်တမ်းတိုးသည်,0,Queue,Immigration
ต่อไป,နောက်,400,Ready,Time
ต่างหู,နားဆွဲ,1000,Queue,Clothing
ต้นกล้วย,ငှက်ပျောပင်,500,Ready,Plant
ต้นจามจุรียักษ์,ကုက္ကိုယ်ပင်,1000,Ready,Plant
ต้นสน,ထင်းရှူးပင်,1000,Queue,Plant
ต้ม,ပြုတ်သည်,500,Ready,Food
ต้มขม,အမဲကလီစာဟင်းခါး,2200,Ready,Food
ต้มข่าไก่,ကြက်အုန်းနို့ဟင်း,1500,Ready,Food
ต้มยำกุ้ง,တုံယမ်းဟင်းရည်,500,Ready,Food
ต้มแซ่บเนื้อ,အမဲစွပ်ပြုတ်ချဉ်စပ်,10,Ready,Food
ต้อง,လုပ်ရမယ်,500,Queue,General
ต้องการ,လိုအပ်သည်,2000,Queue,General
ต้องการผ้าห่ม,စောင်တထည်လိုတယ်,1500,Queue,Daily
ต้องกินให้หมด,ကုန်အောင်စားရမယ်။,4000,Ready,Daily
ต้องมา,လာရမယ်,7800,Ready,Obligation
ต้องหาให้เจอ,တွေ့အောင်ရှာရမယ်။,4500,Ready,Daily
ต้องไปแล้ว,သွားစရာရှိတယ်။,8500,Ready,Greeting
ต้องไปให้ถึง,ရောက်အောင်သွားရမယ်။,5500,Ready,Daily
ถ ถุง,အိတ်,13800,Ready,Consonant
ถนน,လမ်း,300,Ready,Place
ถอดหมวก,ဦးထုပ်ကိုချွတ်ပါ။,1000,Ready,Daily
ถอดเสื้อออกไปแล้ว,အင်္ကျီချွတ်တယ်,1100,Queue,18+
ถักเปีย,ကျစ်ဆံမြီး,800,Queue,Action
ถังขยะ,အမှိုက်ပုံး,500,Queue,Object
ถั่วงอก,ပဲပင်ပေါက်,2000,Queue,Food
ถึง10:00น,၁၀ နာရီအထိ,500,Ready,Time
ถุงพลาสติก,ပလက်စတစ်အိတ်,400,Ready,Object
ถุงเท้า,ခြေအိတ်,3100,Ready,Clothing
ถู,ပွတ်သပ်သည်,1500,Queue,Action
ถูกต้อง,မှန်,500,Queue,Adjective
ถูกะทะ,ဒယ််ကိုပွတ်တိုက်သည်,1000,Queue,Action
ถูเบาเบา,သာသာပွတ်,1000,Queue,Action
ถ่ายรูป,ဓာတ်ပုံရိုက်သည်,0,Queue,Leisure
ถ้วย,ခွက်,2500,Queue,Object
ถ้าปล่อยคืนนี้ผ่านไป,ဒီညကိုကျော်လွန်သွားခဲ့ကြရင်,1600,Queue,Song
ถ้ำ,အရှင်ဘုရား,500,Ready,Title
ท ทหาร,စစ်သား,9760,Ready,Consonant
ทดสอบความแน่น,တင်းကျပ်မှုစမ်းသပ်,2000,Queue,18+
ทรงพระเจริญ,ဘုရင်ကြီး သက်တော်ရှည်ပါစေ,2500,Queue,General
ทอง,ရွှေ,500,Queue,Object
ทอด,အကျွတ်ကြော်,800,Queue,Food
ทะเลสาบ,ရေကန်,3000,Ready,Place
ทักษิณชินวัตร,သက်ဆင်,700,Queue,Politics
ทันตแพทย์,သွားဆရာဝန်,4000,Queue,Job
ทั้งการเมือง,နိုင်ငံရေးရော,3400,Queue,Politics
ทั้งหมดหรือจ่ายแยก,ပေါင်းရှင်း သို့ ခွဲရှင်း,3600,Ready,Question
ทางด่วน,အမြန်လမ်း,2500,Queue,Driving
ทางม้าลาย,လူကူးမျဥ်းကျား,1300,Queue,General
ทางรถยนต์,ကားဖြင့်,500,Queue,General
ทางเท้า,ပလက်ဖောင်း,5000,Queue,Place
ทางแยก,လမ််းဆုံ,2500,Queue,Driving
ทางแยกฟ้าฮ่าม,ဖာဟမ်လမ်းဆုံ,500,Ready,Location
ทายาสีดํา,ဆေးအမည်းကိုလိမ်း,500,Queue,Health
ทำการบ้านแล้วก็เข้านอนครับ,အိမ်စာလုပ်ပြီး အိပ်ရာဝင်တယ်,600,Queue,General
ทำกำไร,အမြတ်ထုတ်ပါ။,1000,Queue,Money
ทำงานหนัก,ကြိုးစားသည်,300,Ready,General
ทำงานอยู่,အလုပ်လုပ်နေတယ်,4500,Ready,Job
ทำจำเจ,ပျင်းစရာကောင်းအောင်လုပ်သည်,600,Queue,Action
ทำหายอยู่,လိုက်ရှာနေတာ,6700,Ready,General
ทำอะไรอยู่,ဘာလုပ်နေတာလဲ,7000,Ready,Daily
ทำอาหาร,အစားအစာချက်ပြုတ်သည်,0,Queue,Leisure
ทำอาหารเป็นงานอดิเรกที่ดี,အစားအစာချက်ပြုတ်တာ ကောင်းတဲ့ ဝါသနာတစ်ခုပါ,0,Queue,Leisure
ทำไม,ဘာကြောင့်လဲ,1800,Queue,General
ทำไมคุณเศร้า,ဘာလို့ဝမ်းနည်းလဲ,2500,Queue,General
ทำไมดีขนาดนี้,ဘာလို့ ဒီလောက်ကောင်းရတာလဲ,1000,Queue,18+
ทิชชู่,တစ်ရှူး,400,Ready,Object
ทีม,အသင်း,200,Queue,Sport
ทีมของฉันฝึกซ้อมทุกวัน,ကျွန်တော့်အသင်း နေ့တိုင်း လေ့ကျင့်တယ်,0,Queue,Sport
ที่จอดรถอยู่ที่ไหน,ကားပါကင်ဘယ်မှာလဲ,2500,Ready,Daily
ที่จะต้องพูดมา,ဒါပဲပြောရမယ်,1000,Queue,Song
ที่จะสอน,သင်ကြားသည်,1500,Queue,General
ที่นั่นหรือที่โน่น,ဟိုမှာ သို့ ဟိုးမှာ,500,Queue,Direction
ที่นี่30บาท,ဘတ် ၃၀ ဒီမှာပါ ကျေးဇူး,500,Queue,General
ที่นี่ขอบคุณนะครับ,ဒီမှာပါ ကျေးဇူး,500,Queue,General
ที่พักของเรามีสระว่ายน้ำ,ကျနော်တို့အိမ်ရာမှာ ရေကူးကန်ရှိတယ်။,2500,Queue,Place
ที่มีโอกาสได้คุย,ပြောခွင့်ရတယ်,1500,Ready,General
ที่รัก,အချစ်ရေ,800,Queue,Emotion
ที่วางหนังสือ,စာအုပ်စင်,2200,Queue,Object
ที่สอง,၂ ခုမြောက်,200,Ready,Measurement
ที่สาม,၃ ခုမြောက်,200,Ready,Measurement
ที่สิบ,၁၀ ခုမြောက်,200,Ready,Measurement
ที่สี่,၄ ခုမြောက်,200,Ready,Measurement
ที่สุดในโลก,ကမ္ဘာပေါ်မှာ  ဆုံး,500,Queue,General
ที่หก,၆ ခု မြောက်,200,Ready,Measurement
ที่หนึ่ง,၅ ခုမြောက်,200,Ready,Measurement
ที่ห้า,၅ ခုမြောက်,200,Ready,Measurement
ที่อังกฤษเวลานี้เป็นฤดูอะไรครับ,ဒီအချိန် အင်္ဂလန်မှာ ဘယ်ရာသီလဲ။,200,Ready,Weather
ที่อเมริกามีกี่ฤดูครับ,အမေရိကမှာ ရာသီဥတုဘယ်နှမျိုးရှိလဲ။,600,Queue,Weather
ที่เก้า,၉ ခုမြောက်,200,Ready,Measurement
ที่เจ็ด,၇ ခုမြောက်,200,Ready,Measurement
ที่เมืองไทยฝนตกมากฤดูไหนครับ,ထိုင်းနိုင်ငံမှာ ဘယ်ရာသီမိုးရွာသလဲ။,600,Queue,Weather
ที่แปด,၈ ခုမြောက်,200,Ready,Measurement
ที่แล้ว,တုန်းက,800,Queue,Time
ที่ไหน,ဘယ်မှာလဲ,20,Ready,General
ที่ไหนคุณอยู่,ခင်ဗျားဘယ်မှာလဲ,3200,Queue,General
ทุกวัน,နေ့တိုင်း,1700,Queue,Time
ทุเรียน,ဒူးရင်း,10,Ready,Nature
ทุ่ม,နာရီီထိုး(ညဖက်),500,Queue,Time
ท่องจำคำศัพท์ทุกวัน,နေ့တိုင်းစာကျက်တယ်,1300,Ready,Study
ท่าน,လူကြီးမင်း,8500,Ready,Pronoun
ท่านี้เข้าลึกมาก,ဒီပုံစံက တဆုံး*တယ်။,1000,Queue,18+
ท่าศาลา,သဲဆာလား,1500,Ready,Place
ท่าเทียบเรือ,ဆိပ်ခံတံတား,1100,Queue,Place
ท้องทะเลท้องฟ้ามีเพียงแค่เราท่ามกลางหาดทรายขาว,ပင်လယ်ကောင်းကင်ကြီးနဲ့ သဲဖြူဖြူသောင်ပြင်ကြားမှာ ကိုယ်တို့ပဲရှိကြတယ်,1000,Queue,Song
ท้องฟ้าและเมฆ,ကောင်းကင်နဲ့ တိမ်,2100,Queue,Nature
ท้องเสีย,ဝမ်းသွားသည်,500,Ready,Health
ทํานา,လယ်လုပ်သည်,1000,Queue,Action
ธ ธง,အလံ,17300,Ready,Consonant
ธนาคาร,ဘဏ်,2645,Queue,Place
ธรรมดา,ပုံမှန်ပွဲ,1000,Queue,Food
ธันวาคม,ဒီဇင်ဘာ,6400,Queue,Calendar
ธุรกิจ,စီးပွားရေးလုပ်ငန်း,1300,Queue,Job
น หนู,ကြွက်,11300,Ready,Consonant
นก,ငှက်,600,Ready,Animal
นมสวยมากกำลังดี,အရမ်းလှတဲ့ ရင်သားလေးပဲ မိုက်နေပြီ,500,Queue,Body
นวดไทย,ထိုင်းအနှိပ်ခန်း,1000,Queue,Health
นอนและตื่น,အိပ်နဲ့ ထ,10000,Queue,Action
นักกีฬา,အားကစားသမား,10,Ready,Sport
นักข่าว,ဂျာနယ်လစ်,300,Ready,Job
นักร้อง,အဆိုတော်,3000,Queue,Music
นักศึกษาชายชอบดื่มเบียร์และเหล้า,ကျောင်းသားတွေက အရက်နဲ့ ဘီယာကြိုက်ကြတယ်,250,Ready,General
นักเรียน,ကျောင်းသား,1000,Queue,Job
นั่งมิดโคนเลย,အဆုံးပဲ *မ,3000,Queue,18+
นั่งสมาธิ,တရားထိုင်သည်,0,Queue,Religion
นั่งหรือยืน,ထိုင် သို့ ထ,5500,Queue,Action
นางพญาเสือโคร่ง,ထိုင်းချယ်ရီပန်း,2000,Queue,Nature
นาดํา,(အမည်းရောင်) လယ်ကွင်း,500,Ready,School
นาที,မိနစ်,500,Ready,Time
นาน,ကြာသည်,1000,Ready,Time
นามสกุล,နာမည်နောက်ဆုံးစာလုံး,6000,Ready,Greeting
นายกรัฐมนตรี,ဝန်ကြီးချုပ်,2800,Queue,Politics
นาฬิกา,နာရီ,300,Ready,Object
นาและข้าว,လယ် နဲ့ စပါး,600,Queue,Nature
นำไป,ယူသွားသည်,1500,Queue,Action
นิมนต์,ကြွပါဘုရား,700,Queue,Religion
นิยายมากที่สุด,ဝတ္ထုတွေ(အကြိုက်)ဆုံး,2200,Queue,General
นิ่ม,ကိုရင်ဘုရား,500,Ready,Title
นี่คือพาสปอร์ตเล่มใหม่ครับ,ဒါ ပတ်စ်ပို့အသစ်ပါ။,800,Queue,Daily
นี่เป็นครั้งแรกของผม,ဒါကျနော့်ပထမဆုံးအကြိမ်ပါ,2800,Queue,General
นี่ใบอะไรครับ?,ဒါဘာအရွက်လဲ,500,Queue,General
น่ารัก,ချစ်စရာကောင်းသော,800,Queue,Adjective
น่ารักจัง,အရမ်းချစ်ဖို့ကောင်းသော,800,Queue,Adjective
น่าเบื่อมาก,ပျင်းစရာကြီး,16500,Ready,Emotion
น้องครางหนักมาก,ကောင်မလေးက အရမ်းအော်တယ်,1100,Queue,18+
น้องชายและน้องสาว,ညီနဲ့ ညီမ,400,Ready,Family
น้อยหรือมาก,နည်း သို့ များသော,400,Ready,Adjective
น้าและลุง,ဦးကြီးနဲ့ ဦးလေး (အမေ့ဖက်),600,Ready,Family
น้ำจิ้ม,အချဉ်ရည်,2000,Queue,Food
น้ำซุป,ဟင်းရည်,6000,Ready,Food
น้ำตาล,သကြား,300,Ready,Ingredient
น้ำตาลสองช้อนและครีมสองช้อน,သကြား ၂ ဇွန်းနဲ့ ခရမ် ၂ ခွန်းထည့်ပါ,250,Ready,Food
น้ำนม,နို့,3000,Queue,Food
น้ำปลา,ငံပြာရည်,5000,Ready,Food
น้ำผลไม้ปั่น,သစ်သီးမစ်ရှိတ်,300,Ready,Drink
น้ำพริกนุ่ม,ငရုပ်သီးစိမ်းထောင်း,1000,Queue,Food
น้ำพริกอ่อง,ဝက်ခရမ်းချဥ်သီး,500,Queue,Food
น้ำมะนาว,သံပရာရည်,800,Queue,Drink
น้ำมัน,ဆီ,4000,Ready,Food
น้ำหนัก645กิโลกรัม,ကိုယ်အလေးချိန် ၆၄၅ ကီလိုဂရမ်,2500,Queue,Body
น้ำอัดลม,အချိုရည်,800,Queue,Drink
น้ำเงี้ยว,ရှမ်းစတိုင်ခေါက်ဆွဲ,1000,Queue,Food
น้ำเสียวเต็มเลย,*ရွှဲလို့ *နေပြီ,1000,Queue,18+
น้ำแข็ง,ရေခဲ,500,Queue,Food
น้ำใส,ဟင််းရည်အကြည်,400,Ready,Food
บ ใบไม้,သစ်ရွက်,10860,Ready,Consonant
บทที่,အခန်း (သင်ခန်းစာ),2500,Ready,Education
บทอ่าน-ฟัง,အဖတ်နဲ့ နားထောင်အပိုင်း,1000,Queue,General
บริษัท,ကုမ္ပဏီ,300,Ready,Job
บริเวณโรงเรียนขับขี่ช้าลง,ကျောင်းနားမှာ ဖြည်းဖြည်းမောင်းနှင်ပါ,1000,Queue,General
บวก,အပေါင်းလက္ခဏာ (+),500,Ready,Math
บอกความในใจให้เธอได้ฟัง,ကိုယ့်ရင်ထဲဲက ခံစားချက်တွေ မင်းကိုဖွင့်ပြောတော့မယ်,1800,Queue,Song
บัตรประชาชน,အိုင်ဒီ,1000,Queue,Document
บันไดน่ะ,နဂါးလှေကား,300,Ready,Object
บางครั้ง,တခါတလေ,800,Queue,Time
บางอันยาวบางอันสั้น,တချို့က ရှည်တယ်၊ တချို့က တိုတယ်။,2500,Queue,Daily
บาสเกตบอล,ဘတ်စကက်ဘော,100,Ready,Sport
บ่าย2โมง,မွန်းလွဲ ၂ နာရီ,1400,Ready,Time
บ่าย3โมง,ညနေ ၃ နာရီ,1400,Ready,Time
บ่ายโมง,မွန်းလွဲ ၁ နာရီ,1400,Ready,Time
บ๊ายบาย,တာ့တာ,5000,Ready,Greeting
ป ปลา,ငါး,6960,Ready,Consonant
ประตู,တံခါး,5000,Ready,House
ประตู,ဂိတ်,500,Queue,Object
ประมาณ,ခန့်/ဝန်းကျင်,1000,Ready,Measurement
ประมาณ6เดือนครับ,၆ လ လောက်ပါ။,700,Queue,Time
ประมาณสามสิบนาที,မိနစ်သုံးဆယ်ခန့်,200,Ready,Time
ประวัติศาสตร์,သမိုင်း,1700,Queue,General
ประเทศไทยรวมเลือดเนื้อชาติเชื้อไทย,ထိုင်းနိုင်ငံတော်ကြီးဟာ ထိုင်းလူမျိုးထိုင်းသွေးချင်းတွေအတူတကွ စုပေါင်းနေထိုင်ရာဖြစ်တယ်,50,Ready,Song
ปลาร้า,ထိုင်းငပိ,500,Queue,Food
ปลาแห้ง,ငါးခြောက်,3000,Ready,Food
ปลุก,နှိုးစက်,2500,Queue,Action
ปล่อยผมไปต่อ,သွားတော့မယ်နော်,1000,Queue,Daily
ปล้น,ခိုးမှု,2500,Queue,General
ปวดฟัน,သွားကိုက်သည်,400,Ready,Health
ปวดหัว,ခေါင်းကိုက်သည်,300,Ready,Health
ปวดเมื่อยตัว,ကိုယ်လက်ကိုက်ခဲသည်,1500,Ready,Health
ปักษ์ใต้,တောင်ပိုင်း,1000,Queue,Place
ปั๊ม,ပန့်,400,Ready,Object
ปั๊มน้ำมัน,ဆီဆိုင်,500,Ready,Driving
ปา,(အမှိုက်)ပစ်သည်,500,Ready,House
ปานกลาง,အနေတော်,1500,Queue,Adjective
ปิดไฟเมื่อไม่ใช้งาน,မသုံးတဲ့အချိန်မီးပိတ်ပါ,1000,Queue,General
ปีนี้พ.ศ.อะไรครับ,ဒါက ဘယ်နှစ်လဲ။,100,Ready,Time
ปู,ဂဏန်း,4500,Ready,Food
ปูนา,လယ််ဂဏန်း,500,Ready,School
ปูและกุ้ง,ဂဏန်းနဲ့ ပုဇွန်,525,Queue,School
ปู่และย่า,အဘိုးနဲ့ အဖွား (အဖေဘက်),1500,Queue,Family
ป่าตัน,ပါတန်,1500,Ready,Place
ป่าแดด,ပါဒဲ့,1500,Ready,Place
ป่าและน้ำตก,တောနှင့် ရေတံခွန်,1000,Queue,Nature
ป้ายบอกทาง,လမ်းဆိုင်းဘုတ်,1500,Queue,Object
ป้ายรถเมล์,ကားမှတ်တိုင်,1300,Queue,Place
ป้าและน้า,အရီးကြီး အရီးလေး (အဖေ့ဖက်),500,Queue,Family
ผ ผึ้ง,ပျား,11400,Ready,Consonant
ผงชูรส,အချိုမှုန့်,5000,Ready,Food
ผงซักฟอก,အဝတ်လျှော်ဆပ်ပြာ,2500,Queue,Object
ผม,ကျွန်တော်,2000,Ready,Pronoun
ผมกลับบ้านเมื่อเดือนที่แล้วครับ,ငါပြီးခဲ့တဲ့လက အိမ်ပြန်ရောက်တယ်။,600,Queue,General
ผมกำลังคิด,ကျနော်ဘာသာပြန်ဖို့စဥ်းစားနေတယ်,2500,Queue,General
ผมกำลังทำการบ้านอยู่,ငါအိမ်စာလုပ်နေတယ်,200,Ready,General
ผมกำลังรอเพื่อนของผมอยู่,သူငယ်ချင်းကို စောင့်နေတာပါ,1500,Queue,General
ผมขอเข้าไปได้ไหม,ဝင်ခွင့်ပြုပါ,1300,Queue,Daily
ผมขอเหล้าครับ,အရက်ပေးပါ,200,Ready,Drink
ผมขับรถ,ကျနော် ကားမောင်းတယ်,500,Queue,General
ผมขับรถช้าเท่านั้น,ကားကို ဖြည်းဖြည်းပဲမောင်းတယ်,2500,Queue,General
ผมขับรถช้าๆแค่60,ကျနော်ကီလို ၆၀ နှုန်းပဲ မောင်းတယ်,1000,Queue,General
ผมควรทำอย่างไร?,ဘာလုပ်ရင်ကောင်းမလဲ,8060,Ready,Daily
ผมคิดตลอดเวลา,ကျနော်တချိန်လုံးစဉ်းစားတယ်,1500,Queue,Daily
ผมคิดถึงคุณ,ကိုယ်မင်းကို လွမ်းတယ်,5700,Ready,Daily
ผมคิดว่างานนี้จะใช้เวลาประมาณ2ชั่วโมง,ဒီအလုပ်က ၂ နာရီလောက်ကြာမယ်ထင်တယ်,900,Queue,General
ผมคิดว่ามันดี,ဒါကောင်းမယ် ထင်တယ်,4600,Ready,Daily
ผมจะทำการบ้าน,ငါအိမ်စာလုပ်မယ်,200,Ready,General
ผมจะบอกคุณ,ကျနော်ပြောပါ့မယ်,500,Queue,General
ผมจะยื่นคำร้องขอที่ไหน,ဘယ်နေရာမှာ လျှောက်လွှာတင်ရမလဲ,13,Queue,Immigration
ผมจะสั่ง,ကျနော်မှာမယ်,800,Queue,Daily
ผมจะเรียนต่อไปอีก,ကျနော်ဆက်လေ့လာနေမယ်,1000,Queue,General
ผมจะเล่าน้ำแรก,ပထမဆုံး *တဲ့အကြောင်းပြောမယ်,1000,Queue,18+
ผมจะเล่าเรื่องประจำวันให้ฟังครับ,ကျနော့်နေ့စဉ်ဘဝအကြောင်း ပြောပြမယ်။,2000,Queue,General
ผมจะเอา1กิโล,၁ ကီလိုယူမယ်,1000,Queue,General
ผมจามตลอดเวลา,ကျနော်တစ်ချိန်လုံး နှာချေတယ်။,1500,Queue,Daily
ผมชอบกินไอศกรีมเมื่อก่อน,ရေခဲမုန့်စားရတာ ကြိုက်တယ်။,500,Queue,Food
ผมชอบท่องเที่ยว,ခရီးသွားရတာကြိုက်တယ်,1000,Ready,Myself
ผมชอบฟัง,နားထောင်ရတာကြိုက်တယ်,1700,Queue,General
ผมชอบว่ายน้ำ,ရေကူးရတာကြိုက်တယ်,1500,Queue,Myself
ผมชอบหนังสือ,ကျနော်ကြိုက်တယ်,1500,Queue,General
ผมชอบอาหารทะเลยกเว้นปู,ဂဏန်းကလွဲရင် ပင်လယ်စာကြိုက်တယ်။,700,Ready,Food
ผมชอบอาหารไทยมากครับ,ထိုင်းအစားအစာကို အရမ်းကြိုက်တယ်။,500,Ready,Food
ผมชอบอ่านหนังสือ,စာဖတ်ရတာကြိုက်တယ်,1700,Queue,General
ผมชอบอ่านหนังสือ,စာအုပ်ဖတ်ရတာ ကြိုက်တယ်။,5,Ready,Myself
ผมชอบอ่านหนังสือครับ,စာအုပ်တွေဖတ်ရတာ ကြိုက်တယ်။,500,Ready,Myself
ผมชอบอ่านหนังสือมาก,စာအုပ််ဖတ်ရတာအရမ်းကြိုက်တယ်,2700,Queue,General
ผมชอบเรียนภาษาไทย,ထိုင်းဘာသာစကားလေ့လာရတာ ကြိုက်တယ်။,500,Ready,General
ผมชอบเฮมิงเวย์,ကျနော် ဟဲမင်းဝေးကြိုက်တယ်,2200,Queue,General
ผมชื่อ,ကျွန်တော့်နာမည်က…,5000,Ready,Greeting
ผมดูข่าวในYouTubeเสมอ,ယူကျု့က သတင်းအမြဲကြည့်တယ်,1000,Queue,General
ผมด้วย,ကျနော်လည်းအတူတူပဲ,400,Ready,General
ผมตื่นตอน7โมงเช้า,ကျနော် မနက် ၇ နာရီမှာ အိပ်ရာတယ်။,1500,Queue,General
ผมต้องการที่จะนอนหลับ,အိပ်ချင်တယ်,300,Ready,General
ผมต้องทำการบ้านให้โรงเรียนของผม,ငါ့ကျောင်းအတွက် အိမ်စာလုပ်ရမယ်။,300,Ready,School
ผมทำการบ้าน,ငါအိမ်စာလုပ်တယ်(simple),600,Queue,General
ผมทำการบ้านแล้ว,ငါအိမ်စာလုပ်ပြီးပြီ,200,Ready,General
ผมทำงานเป็น…ครับ,ငါက (xxx) အနေနဲ့ အလုပ်လုပ်တယ်။,500,Ready,Myself
ผมทำงานเสร็จเมื่อวาน,မနေ့က ငါအလုပ်ပြီးတယ်။,500,Queue,Job
ผมทำอาหารกินเอง,ကျနော်ကိုယ့်ဖာသာချက်စားတယ်။,4500,Queue,General
ผมนอนหลับเมื่อคืน,မနေ့ညက ကောင်းကောင်းအိပ်တယ်။,2000,Queue,Daily
ผมนั่งรถเมล์เมื่อวาน,မနေ့က ဘတ်စ်ကားစီးတယ်။,1000,Queue,Daily
ผมปฏิบัติตามกฎ,ကျနော် ဥပဒေနဲ့အညီနေထိုင်တယ်,500,Ready,General
ผมพูดภาษาไทยได้ไม่ค่อยเก่ง,ထိုင်းစကား ကောင်းကောင်း မပြောတတ်ဘူး။,500,Ready,Language
ผมพูดภาษาไทยไม่เก่งเมื่อก่อน,ထိုင်းစကား ကောင်းကောင်း မပြောတတ်ဘူး။,500,Ready,General
ผมพูดไทยได้,ထိုင်းလိုရတယ်,1500,Ready,General
ผมพูดไทยได้นิดหน่อยคับ,ထိုင်းလိုနည်းနည်းပြောတတ်တယ်။,9000,Ready,Greeting
ผมพูดไทยไม่ได้คับ,ထိုင်းလိုမပြောတတ်ဘူး။,7000,Ready,Greeting
ผมฟังเพลงเมื่อคืน,မနေ့ညက သီချင်းနားထောင်တယ်။,500,Queue,Music
ผมมักจะอ่านหนังสือเสียง,အသံစာအုပ်တွေ ဖတ်တတ်တယ်။,600,Ready,Myself
ผมมาจาก ประเทศ พม่าคับ,ကျွန်တော်()နိုင်ငံလာတာ။,7500,Ready,Greeting
ผมมาจากประเทศพม่า,ကျွန်တော်က မြန်မာပြည်ကပါ။,100,Ready,Introduction
ผมมาตรงเวลาครับ,ကျနော်အချိန်မှန်လာတယ်,600,Queue,General
ผมมาส่งลูกค้า,ကျနော် ခရီးသည်လာပို့တာပါ,2200,Queue,General
ผมมีครอบครัวเจ็ดคน,မိသားစု ၇ ယောက်ရှိတယ်,300,Ready,Daily
ผมมีพี่สาว1คน,ကျနော့်မှာအစ်မတယောက်ရှိတယ်,400,Ready,Daily
ผมยังสอนออกแบบกราฟิกให้นักเรียนด้วย,တချို့ကျောင်းသားတွေကို ဂရပ်ဖစ်ဒီဇိုင်း သင်ပေးတယ်။,1000,Queue,General
ผมยืนรอเพื่อนเมื่อเช้า,ဒီမနက် သူငယ်ချင်းကို ရပ်စောင့်နေတယ်။,1000,Queue,General
ผมรอคอยเธอนานมาก,သူမကို အကြာကြီးစောင့်ခဲ့တယ်,1500,Queue,General
ผมรอมานานแล้ว,ငါစောင့်နေတာကြာပြီ,900,Queue,General
ผมว่ายน้ำทุกวัน,ရေနေ့တိုင်းကူးတယ်,500,Ready,Health
ผมสบายดีครับ,ကျွန်တော်နေကောင်းပါတယ်,500,Ready,Introduction
ผมสบายดีคับ,ကျနော်နေကောင်းပါတယ်။,7000,Ready,Greeting
ผมสามารถจอดรถที่นี่ได้ไหม,ဒီနေရာကားရပ်လို့ရမလား,2100,Ready,Daily
ผมอยากกลับบ้าน,ကျနော်အိမ်ပြန်ချင်တယ်,300,Ready,Daily
ผมอยากกอดคุณ,မင်းကို ပွေ့ဖက်ချင်တယ်,2300,Ready,Daily
ผมอยากพูดภาษาไทยเก่งๆครับ,ထိုင်းစကားကို ကျွမ်းကျွမ်းကျင်ကျင် ပြောချင်တယ်။,1500,Ready,Myself
ผมอยากเช่ารถซาลูน,စလွန်းတစီးငှါးချင်တယ်,1000,Queue,General
ผมอยากได้เสื้อ,ကျနော် ရှပ်အင်္ကျီလိုချင်တယ်,500,Queue,Daily
ผมอยู่ใกล้กับเธอ,ကျနော််က သူမဘေးမှာ။,3000,Queue,Place
ผมอยู่ไกลจากแม่,ကျနော်က အမေနဲ့ဝေးနေတယ်,2000,Queue,Place
ผมออกกำลังกายทุกวัน,နေ့တိုင်းလေ့ကျင့်ခန်းလုပ်တယ်။,3500,Queue,Health
ผมอายุ 37 ปีคับ,၃၇ နှစ်ရှိပြီ။,6000,Ready,Greeting
ผมอายุ38ปีครับ,ကျွန်တော့်အသက် ၃၈ နှစ်ပါ။,15,Ready,Introduction
ผมอาศัยอยู่ที่,ကျနော်နေတာက,1000,Ready,Introduction
ผมอาศัยอยู่บนถนนห้วยแก้ว,ကျွန်တော်က Huay Kaew လမ်းမှာနေပါတယ်,500,Ready,Myself
ผมอ่านนิยาย,ဝတ္ထုတွေဖတ်တယ်,2700,Queue,General
ผมอ่านหนังสือทุกครั้งที่มีเวลาว่าง,အားလပ်ချိန်တိုင်း စာအုပ်တွေဖတ်တယ်။,2000,Queue,General
ผมเกิดวันที่6ธันวาคมปีค.ศ.1982ครับ,၁၉၈၂ ဒီဇင်ဘာ ၆ မှာ မွေးတယ်။,10,Ready,General
ผมเข้ามาครับ,ဝင်လာပြီနော်,700,Queue,Daily
ผมเคยดื่มโซดา,ကျနော်ဆိုဒါကိုသောက်လေ့ရှိတယ်,300,Ready,Daily
ผมเคยฟังหนังสือเสียงจากยูทูป,ယူကျူ့ကနေ Audiobook တွေ နားထောင်တယ်,500,Queue,Daily
ผมเคยว่ายน้ำทุกวัน,နေ့တိုင်း ရေကူးတယ်။,2000,Queue,General
ผมเคยอ่านหนังสือ,ကျနော်စာဖတ်လေ့ရှိတယ်,2700,Queue,General
ผมเคยเลี้ยงสุนัข2ตัว,ကျနော် ခွေးနှစ်ကောင် မွေးခဲ့တယ်,1300,Queue,Daily
ผมเคยไปชายหาด,ကျနော််ကမ်းခြေကိုသွားလေ့ရှိတယ်,1000,Queue,Daily
ผมเคยไปรอบๆเชียงใหม่,ချင်းမိုင်အနှံ့လျှောက်သွားတတ်တယ်,800,Ready,Myself
ผมเชื่อว่าภาษาไทย,ထိုင်းဘာသာစကားကို ယုံတယ်,1800,Ready,General
ผมเป็นคนขับรถ,ကျနော်က ယာဉ်မောင်းပါ,1500,Queue,General
ผมเป็นคนขาย,ကျနော််က ရောင်းသူပါ,300,Ready,General
ผมเป็นคนซื้อ,ကျနော်က ဝယ်သူပါ,500,Ready,General
ผมเป็นนักออกแบบกราฟิก,ကျွန်တော်က ဂရပ်ဖစ်ဒီဇိုင်နာတစ်ယောက်ပါ။,1200,Ready,Job
ผมเป็นมัคคุเทศก์,ကျနော်က တိုးဂိုက်ပါ,1500,Queue,General
ผมเป็นห่วงคุณ,ငါမင်းကို စိုးရိမ်တယ်,2300,Queue,Emotion
ผมเรียนมา1ปีกับ2เดือนแล้วครับ,ကျွန်တော် ကျောင်းတက်နေတာ ၁ နှစ်နဲ့ ၂ လရှိပါပြီ။,600,Queue,General
ผมเรียนมา2ปีแล้วครับ,ကျွန်တော် စာသင်နေတာ ၂ နှစ်ရှိပါပြီ။,200,Ready,General
ผมเห็นผู้หญิงคนหนึ่ง,ကျနော်မိန်းကလေးတယောက်ကိုမြင်တယ်,1000,Ready,Statement
ผมได้ทำการบ้านแล้ว,ငါအိမ်စာလုပ်လိုက်တယ်,300,Ready,General
ผมไม่ค่อยสบายดีคับ,ကျနော်နေမကောင်းဘူး။,9000,Ready,Greeting
ผมไม่ง่วงครับ,ကျွန်တော်အိပ်မငိုက်ပါဘူး,700,Ready,General
ผมไม่มี,ကျနော့်မှာ မရှိဘူး,1700,Queue,General
ผมไม่รู้ครับ,ကျနော် မသိပါဘူး။,800,Queue,Daily
ผมไม่หิวครับ,ကျွန်တော်ဗိုက်မဆာပါဘူး,500,Ready,Daily
ผมไม่ใช่คนโสดครับ,ကျနော်လူလွတ်မဟုတ်ပါ,1300,Ready,Myself
ผมไม่ได้ตั้งใจครับ,မရည်ရွယ်ပါဘူး,800,Queue,Daily
ผลลูก,အသီး,500,Ready,Object
ผลไม้รวม,သစ်သီးရောနှော,500,Queue,Food
ผัก,ဟင်းရွက်,4000,Ready,Food
ผัด,ရောမွှေကြော်,300,Ready,Food
ผัดกะเพราหมู,ဝက်ပင်စိမ်း,500,Ready,Food
ผัดไทย,ဖတ်ထိုင်း ဆန်ခေါက်ဆွဲကြော်,500,Ready,Food
ผาสุกพงษ์ไพจิตร,ဖာဆုဖုန်ဖိုက်ကျစ်,1700,Queue,General
ผู้ชนะ,အနိုင်ရရှိသူ,300,Ready,Sport
ผู้ลี้ภัย,ဒုက္ခသည်,0,Queue,Immigration
ผู้แพ้,ရှုံးနိမ့်သူ,200,Ready,Sport
ผ้าพันคอ,လည်ပတ်ပုဝါ,1500,Queue,Clothing
ผ้าห่ม,စောင်,1500,Queue,Object
ฝ ฝา,အိုးဖုံး,8460,Ready,Consonant
ฝนตกถนนลื่น,မိုးရွာနေစဉ်လမ်းချော်သည်,1500,Ready,Weather
ฝนตกมากฤดูฝนครับ,မိုးရာသီမှာ မိုးအရမ်းရွာတယ်။,200,Ready,Weather
ฝรั่งเศส,ပြင်သစ်,1100,Queue,Country
ฝันดี๊นะครับ,ကောင်းသောညချမ်းပါ။,11100,Ready,Greeting
ฝึกซ้อม,လေ့ကျင့်သည်,100,Queue,Sport
พ พาน,ဖလား,14800,Ready,Consonant
พ.ศ.2567ครับ,၂၅၆၇ ခုနှစ်,100,Ready,Time
พมมีประสบการณ์ในสาขานี้มานานถึงสิบปี,ကျွန်တော် ဒီနယ်ပယ်မှာ အတွေ့အကြုံ ဆယ်စုနှစ် ရှိတယ်။,1300,Ready,Job
พม่า,မြန်မာ,20,Ready,Country
พยัญชนะ,ဗျည်း,800,Ready,General
พยัญชนะสะกด,အသတ်ဗျည်း,1000,Queue,Grammar
พยานคือฟ้าที่เฝ้าดู,ကောင်းကင်ကြီးက သက်သေတည်ပြီးတို့ကိုကြည့်နေတာ,1000,Queue,Song
พยาบาล,သူနာပြု,300,Ready,Job
พระพุทธศาสนา,ဗုဒ္ဓဘာသာ,500,Ready,Religion
พระราชบัญญัติรถยนต์พ.ศ.2522,မော်တော်ယာဉ်ဥပဒေ BE ၂၅၂၂,500,Queue,Politics
พระสิงห์,ဖရားဆင်း,1500,Ready,Place
พริกขี้หนูแค่10บาทครับไม่มีต้องการอะไรมาก,၁၀ ဖိုးပါ၊ အများကြီးမလိုဘူး,1500,Queue,Food
พรุ่งนี้,မနက်ဖြန်,2000,Queue,Time
พรุ่งนี้จะมาเรียนตรงเวลาครับ,မနက်​ဖြန်​ အတန်းချိန်​မှန်​လာပါ့မယ်​။,600,Queue,School
พรุ่งนี้จะหนาว,မနက်ဖြန် အေးလိမ့်မယ်,1500,Queue,Weather
พฤศจิกายน,နိုဝင်ဘာ,6400,Queue,Calendar
พฤษภาคม,မေ,6400,Queue,Calendar
พลเมือง,နိုင်ငံသား,0,Queue,Immigration
พวกผม,ကျွန်တော်တို့,5000,Ready,Pronoun
พวกเขา,သူတို့,5500,Ready,Pronoun
พวงกุญแจ,သော့ချိတ်,2100,Queue,Object
พอดี,ပုံကျသော,1000,Queue,Adjective
พอแล้ว,ဗိုက်ပြည့်ပြီ(လုံလောက်ပြီ),1300,Queue,Daily
พักผ่อน,အနားယူသည်,0,Queue,Leisure
พัดลม,ပန်ကာ,4500,Queue,Object
พัดลม,ပန်ကာ,5000,Ready,House
พันคำไทย,ထိုင်းစာလုံးတစ်ထောင်,7000,Ready,Education
พัสดุ,ပါဆယ်ထုတ်,500,Queue,Object
พาวเวอร์แบงค์,ပါဝါဘန့်,525,Ready,Object
พาไป,ယူဆောင်သွားသည်,500,Ready,General
พาไปที่,နေရာကိုယူသွားတယ်,500,Ready,General
พิเศษ,ပွဲကြီး,800,Queue,Food
พี่ชายและน้องสาว,အစ်ကိုနဲ့ညီမ,400,Ready,Family
พี่น้อง,မောင်နှမ,1000,Queue,Family
พื้น,ကြမ်းပြင်,3800,Ready,House
พ่อครัว,စားဖိုမှူး(ကျား),4000,Ready,Job
พ่อตาและแม่ตา,ယောက္ခထီးနဲ့ ယောက္ခမ,800,Queue,Family
พ่อแม่,အဖေနဲ့ အမေ,300,Ready,Family
ฟ ฟัน,သွား,8960,Ready,Consonant
ฟังเพลง,သီချင်းနားထောင်သည်,0,Queue,Leisure
ฟังเสียงหนังสือที่ยูทูปด้วย,YouTube က အသံစာအုပ်တွေကိုလည်း နားထောင်တယ်။,2000,Queue,General
ฟันผุ,သွားပိုးစားသည်,410,Ready,Health
ฟุตบอล,ဘောလုံး,100,Ready,Sport
ฟ้าฮ่าม,ဖာဟမ်,1500,Ready,Place
ภ สำเภา,ရွက်လှေ,10060,Ready,Consonant
ภาคกลาง,အလယ်ပိုင်း,2500,Queue,Place
ภาคอีสาน,အရှေ့မြောက်ပိုင်း,600,Queue,Place
ภาคเหนือ,မြောက်ပိုင်း,1500,Queue,Place
ภาพถ่ายและวิดีโอ,ဓါတ်ပုံ နဲ့ ဗီဒီယို,800,Queue,Entertainment
ภายในหรือภายนอก,အတွင်း သို့ အပြင်မှာ,2300,Queue,Direction
ภาษาจีน,တရုတ်စကား,3000,Ready,Language
ภาษาไทยสวยมากเลยครับ,Thai is a very beautiful language,2000,Ready,Language
ม ม้า,မြင်း,8000,Ready,Consonant
มกราคม,ဇန်နဝါရီ,6400,Queue,Calendar
มงคลสูตร,မေတ္တသုတ်,700,Ready,Religion
มด,ပုရွက်ဆိတ်,500,Ready,Animal
มอเตอร์ไซค์,ဆိုင်ကယ်,400,Ready,Transportation
มะขาม,မန်ကျည်းသီး,1300,Ready,Food
มะพร้าว,အုန်းသီး,3000,Queue,Food
มะม่วงหรือสับปะรด,သရက်သီး သို့မဟုတ် နာနတ်သီး,1000,Queue,Food
มะละกอ,သင်္ဘောသီး,2600,Queue,Nature
มักจะมา,လာတတ်တယ်။,10200,Ready,Frequency
มังคุด,မင်းဂွတ်,20,Ready,Nature
มัน,၎င်းအရာဝတ္ထု,7005,Ready,Pronoun
มัน,ဆီများသည်/စိမ့်သည်,500,Ready,Adjective
มันจะใช้เวลานาน,ဒါက ကြာပါမယ်,500,Ready,General
มันยาก,ခက်တယ်။,1700,Ready,General
มันอันตราย,Dangerous,500,Queue,General
มันแน่นมากๆ,အရမ်းကြပ်တယ်။,1000,Queue,General
มาถึงที่นั่น,ဟိုကိုရောက်ရှိသည်,2300,Queue,Action
มาถึงห้องเรียน7โมงเช้าครับ,မနက် 7 နာရီ အတန်းထဲရောက်ပါတယ်။,600,Queue,School
มานีมีตา,မာနီမှာ မျက်လုံးရှိတယ်,500,Ready,School
มาสายกี่นาทีครับ,မင်းဘယ်နှစ်မိနစ်နောက်ကျနေတာလဲ။,600,Queue,General
มาอยู่,လာနေတယ်,8700,Ready,Statement
มาเรียน,လာလေ့လာတယ်,100,Ready,General
มาเลเซีย,မလေးရှား,400,Ready,Country
มาและไป,လာ နဲ့ သွား,1000,Queue,Action
มาแล้ว,လာပြီ,4500,Ready,Statement
มิถุนายน,ဇွန်,6400,Queue,Calendar
มี4ฤดูครับฤดูร้อนฤดูใบไม้ร่วง,၄မျိုးရှိတယ်။ နွေရာသီ၊ ဆောင်းဦးရာသီ,600,Queue,Weather
มีคนตายเป็นพันเลยนะ,လူအများကြီးသေတယ်,1000,Queue,General
มีครับคุณต้องการเท่าไหร่?,ရှိတယ်၊ ဘယ်လောက်ဖိုးလဲ,500,Queue,General
มีครับคุณต้องการเนื้อหมูแบบไหน,ရှိပါတယ် ဘယ်လိုအသားလိုချင်လဲ,500,Queue,General
มีค่าธรรมเนียมการขอวีซ่าไหม,ဗီဇာလျှောက်ဖို့ အခကြေးငွေ ရှိလား,0,Queue,Immigration
มีด,ဓါး,4300,Ready,Food
มีดคมไหม,ဓါးထက်လား,1600,Ready,Daily
มีตำรวจแถวนี้บ้างไหม?,ဒီနားမှာ ရဲတွေရှိလား။,500,Ready,Daily
มีตู้เย็นอยู่ในครัว,မီးဖိုချောင်မှာ ရေခဲသေတ္တာရှိတယ်။,1800,Ready,Daily
มีถุงเท้าไหม,ခြေအိိတ်ရှိလား,500,Ready,Question
มีนาคม,မတ်,6400,Queue,Calendar
มีน้ำผลไม้อะไรบ้าง,ဘာသစ်သီးဖျော်ရည်မျိုးရှိလဲ,800,Queue,Drink
มีน้ำส้ม,လိိမ္မော်ရည်ရှိပါတယ်,400,Ready,Drink
มีปูนามา,ဂဏန်းလာနေတာရှိတယ်,500,Ready,School
มีพริกเขียวไหม?,ငရုပ်သီးစိမ်းရှိလား,500,Queue,Food
มีรํา,ကသည်,1000,Queue,Action
มีสงครามกลางเมืองในพม่า,ဗမာပြည်မှာ ပြည်တွင်းစစ်ဖြစ်နေတယ်,2200,Queue,History
มีสัญญาณไฟจราจร,မီးပွိုင့်ရှိတယ်,1000,Queue,General
มีสีดำไหม,အမဲရောင်ရှိလား,3000,Ready,Color
มีหูมีตา,နား၊ မျက်လုံးရှိတယ်,500,Ready,School
มีเงา,အရိပ်ရှိသည်,1000,Queue,Nature
มีเบียร์ไหมครับเบียร์เย็นๆ,ဘီယာရှိလား၊ ဘီယာအေးအေး,146,Ready,Drink
มีโมโห,ဒေါသရှိတယ်,500,Ready,School
มีใครบ้างในทีมฟุตบอลของคุณ,မင်းတို့ ဘောလုံးအသင်းမှာ ဘယ်သူတွေ ပါလဲ,0,Queue,Sport
มีใจ,ခံစားသည်,1500,Queue,Emotion
มีในใจ,စိတ်ထဲမှာရှိတယ်,1500,Queue,General
มีไม่มีมีไหมมีอีกไหม,ရှိတယ်၊မရှိဘူး၊ရှိလား၊ရှိသေးလား,1500,Ready,Question
มือและขา,လက် နဲ့ ခြေ,1000,Queue,Body
มุสลิม,မူစလင်ဘာသာ,500,Ready,Religion
ม่อนแจ่มใกล้กว่าเชียงราย,ဟ,1000,Queue,Place
ม้านั่ง,ခုံတန်းလျား,7000,Queue,Object
ย ยักษ์,ဘီလူး,8000,Ready,Consonant
ยกเว้นวันนี้กูไม่ว่าง,ဒီနေ့ကလွဲရင် ကျွန်တော် အလုပ်ရှုပ်တယ်။,500,Ready,Daily
ยังไงก็ได้,ဘာပဲဖြစ်ဖြစ်ရတယ်,5000,Ready,Daily
ยังไม่หิว,မဆာသေးဘူး,5500,Ready,Daily
ยังไม่ได้กิน,မစားရသေးဘူး,5000,Ready,Daily
ยากจนหรือรวย,ဆင်းရဲ သို့ ချမ်းသာသော,4500,Queue,Adjective
ยากมา,လာချင်တယ်,7000,Ready,Desire
ยากได้สีเหลือง,အဝါရောင်လိုချင်တယ်။,3500,Ready,Color
ยางรัด,သားရေကွင်း,1500,Queue,Object
ยางแบน,ဘီးပေါက်တယ်,1500,Queue,Daily
ยาดมสมุนไพร,ရှူဆေး,800,Ready,Health
ยาม,နာရီထိုး(ညဖက်)ထိုင်း,500,Queue,Time
ยาวและสั้น,ရှည် နှင့် တိုသော (အကုန်သုံး),1500,Queue,Adjective
ยาสีฟันและแปรงสีฟัน,သွားတိုက်ဆေးနှင့် သွားပွတ်တံ,2000,Queue,Object
ยำกุ้งสด,ပုဇွန်အစိမ်းသုပ်,500,Queue,Food
ยำขนมจีน,မုန့်တီသုပ်,500,Queue,Food
ยำตีนไก่,ကြက်ခြေထောက်သုပ်,2000,Queue,Food
ยำปูม้า,ကဏန်းအစိမ်းသုပ်,2000,Queue,Food
ยำลูกชิ้น,အသားလုံးသုပ်,1000,Queue,Food
ยำวุ้นเส้น,ကြာဇံသုပ်,3000,Queue,Food
ยำหมูยอ,ဝက်အူချောင်းသုပ်,1000,Queue,Food
ยำหูหมู,ဝက်နားရွက်သုပ်,1000,Queue,Food
ยำไส้วัว,အမဲအူသုပ်,2500,Queue,Food
ยิงประตู,ဂိုးသွင်းသည်,0,Queue,Sport
ยินดีที่ได้รู้จักคับ,တွေ့ရတာ၀မ်းသာပါတယ်။,10000,Ready,Greeting
ยินดีให้บริการ,ဝန်ဆောင်မှုပေးရတာ ဝမ်းသာတယ်,750,Queue,General
ยี่สิบ,နှစ်ဆယ်,4200,Ready,Number
ยี่สิบสอง,နှစ်ဆယ့်နှစ်,4200,Ready,Number
ยี่สิบเอ็ด,နှစ်ဆယ့်တစ်,4200,Ready,Number
ยี่ห้อ,အမှတ်တံဆိပ်,500,Queue,General
ยี่เป็ง,မီးပုံးပျံပွဲ,500,Queue,Festival
ยุงและแมลงวัน,ခြင်နဲ့ယင်,1000,Queue,Nature
ร เรือ,လှေ,8000,Ready,Consonant
รถคันนี้เร็วกว่ารถคันนั้น,ဒီကားက အဲဒီကားထက် ပိုမြန်တယ်။,500,Queue,General
รถตู้,ဗင်ကား,1000,Queue,Transportation
รถผมเสีย,ဆိုင်ကယ်ပျက်သွားတယ်,1000,Queue,Daily
รถหรือจักรยาน,ကား သို့ စက်ဘီး,1000,Queue,Object
รถแดง,လိုင်းကားနီ,400,Ready,Transportation
รถไฟ,မီးရထား,800,Queue,Transportation
รถไฟฟ้า,ကောင်းကင်ရထား,800,Queue,Transportation
รถไฟฟ้าใต้ดิน,မြေအောက်ရထား,400,Ready,Transportation
รวบแล้ว,ဖမ်းနေပြီ။,600,Ready,Daily
รสชาติ,အရသာ,2300,Queue,Food
รหัสผ่าน,စကားဝှက်,0,Queue,Technology
รอ,စောင့်သည်,1000,Queue,Verb
รองเท้า,ရှူးဖိနပ်,310,Ready,Clothing
รองเท้าผ้าใบ,အားကစားဖိနပ်,3200,Queue,Clothing
รองเท้าผ้าใบ,စနိကာ,3000,Queue,Object
รองเท้าส้นสูง,ခုံမြင့်ဖိနပ်,500,Queue,Clothing
รองเท้าแตะ,ခြေညှပ်ဖိနပ်,1000,Queue,Clothing
รอแป๊บ,ခဏလေးနော်,2000,Queue,General
ระยะเวลาที่พักอยู่,နေထိုင်သည့်ကာလ,0,Queue,Immigration
ระหว่างการสอบ,စာမေးပွဲတွင်း,1500,Queue,School
ระเบียง,ဝရံတာ,2100,Queue,Object
รักและเกลียด,အချစ်နဲ့ အမုန်း,10000,Queue,Emotion
รัฐบาล,အစိုးရ,1000,Queue,Politics
รับกลับ,ပါဆယ်,2700,Queue,Daily
ราคา,ဈေးနှုန်း,1500,Queue,General
ราคาแหวนถูกกว่าสร้อยคอ,ဟ,800,Queue,Object
ราชพฤกษ์,ငုပင်,3000,Queue,Nature
รายการสิ่งที่ต้องทำ,လုပ်ရန်စာရင်း,1700,Queue,General
รายสัปดาห์,အပတ်စဉ်,4500,Queue,Time
รำดีดี,ကောင်းကောင်းက,1000,Queue,Action
รูปู,ဂဏန်းကျင်း,1000,Queue,Nature
ร่วมกัน,အတူ,1500,Queue,General
ร่างกาย,ကိုယ်လုံး,500,Ready,Body
ร้อนหรือเย็น,ပူသော သို့ အေးသော,2000,Queue,Adjective
ร้อย,ရာ,4200,Ready,Number
ร้านขายยา,ဆေးဆိုင်,1500,Ready,Place
ร้านถ่ายเอกสาร,မိတ္တူဆိုင်,1000,Queue,Place
ร้านล้างรถ,ကားရေဆေးဆိုင်,1500,Ready,Place
ร้านอะไหล่มอไซค์,ဆိုင်ကယ်အပိုပစ္စည်းဆိုင်,500,Ready,Driving
ร้านอาหาร,စားသောက်ဆိုင်,500,Ready,Food
ร้านแร็คหลังคา,ကားအမိုးပစ္စည်းတင်,1800,Ready,Job
ฤ ฤดู,ဥတု,5500,Queue,Vowel
ฤดูฝนและฤดูหนาว,မိုးရာသီနဲ့ ဆောင်းရာသီ,600,Queue,Weather
ฤดูร้อนครับ,နွေရာသီ။,120,Ready,Weather
ฤดูร้อนอากาศร้อนมากในเดือนเมษายน,ဧပြီလတွင် နွေရာသီသည် အလွန်ပူသည်။,600,Queue,Weather
ฤดูร้อนอากาศร้อนมากไหมครับ,နွေရာသီက အရမ်းပူလား,600,Queue,Weather
ฤดูหนาว,ဆောင်းရာသီ။,200,Ready,Weather
ฤดูหนาวมีประมาณ2เดือน,ဆောင်းရာသီက ၂ လလောက်ကြာတယ်။,600,Queue,Weather
ฤดูหนาวฤดูใบไม้ผลิ,ဆောင်းရာသီ၊ နွေဦး,600,Queue,Weather
ฤดูหนาวอากาศหนาวมากและมีหิมะตกครับ,ဆောင်းရာသီက အရမ်းအေးပြီး နှင်းတွေကျတယ်။,600,Queue,Weather
ฤดูหนาวอากาศเป็นยังไงครับ,ဆောင်းတွင်းမှာ ရာသီဥတုက ဘယ်လိုလဲ။,600,Queue,Weather
ฤา ฤา,သို့မဟုတ်,5500,Queue,Vowel
ล ลิง,မျောက်,8000,Ready,Consonant
ลงทะเบียน,မှတ်ပုံတင်သည်,0,Queue,Immigration
ลดหน่อยได้ไหม,ဈေးနည်းနည်းလျှော့ပေးဦးမလား,400,Ready,Daily
ลมและฝน,လေနဲ့ မိုး,1400,Queue,Nature
ลอง,ကြိုးစားသည်,1000,Queue,Verb
ละ,နှုန်း,500,Ready,Measurement
ลาก่อนนะ,သွားတော့မယ်။,13100,Ready,Greeting
ลาบเมืองลาบอีสาน,အသားစင်းကောဟင်း,100,Ready,Food
ลายมือชื่อ,လက်မှတ်,3100,Queue,General
ลาว,လာအို,3000,Ready,Country
ลำโพง,စပီကာ,2500,Queue,Object
ลิสต์ต้องทำ,လုပ်စရာ,500,Queue,General
ลิ้นจี่,လိုင်ချီး,200,Ready,Nature
ลิ้นชัก,အံ့ဆွဲ,1500,Queue,Object
ลีลาวดีลั่นทม,တရုတ်စကားပန်း,500,Ready,Flower
ลุงและน้า,ဘကြီးဘထွေး (အဖေ့ဖက်),800,Queue,Family
ลูกชายและลูกสาว,သားနဲ့သမီး,800,Queue,Family
ลูกชิ้นเนื้อ,အမဲလုံး,400,Ready,Food
ลูกพี่ลูกน้อง,ဝမ်းကွဲမောင်နှမ,1000,Queue,Family
ลูกเขยและลูกสะใภ้,သားမက်နဲ့ ချွေးမ,1500,Queue,Family
ล้อเล่นนะ,စတာပါ,1000,Queue,General
ล้างในกับนอกด้วยครับ,အတွင်းရောအပြင်ရော ဆေးပေးပါ,800,Ready,Daily
ฦ ฦทธิ์,အစွမ်း,6500,Queue,Vowel
ฦา ฦาชา,ဘုရင်,5500,Queue,Vowel
ว แหวน,လက်စွပ်,8000,Ready,Consonant
วัดพุทธ,ဘုရားတန်ဆောင်း,1500,Queue,Religion
วัดเกต,ဝက်ကတ်,1500,Ready,Place
วันจันทร์,တနင်္လာနေ့,3500,Queue,Time
วันที่2กุมภาพันธ์ปีค.ศ.1985,ဒီနေ့ ဖေဖော်ဝါရီ ၂၊ ၁၉၈၅,150,Ready,Time
วันที่เท่าไหร่,ဘယ််နေ့လဲ,15,Ready,General
วันนี้,ဒီနေ့,500,Queue,Time
วันนี้กินแกงเขียวหวาน,ဒီနေ့ ဟင်းစိမ်းစားတယ်။,1500,Ready,Daily
วันนี้ฉันจะพักผ่อนอยู่บ้าน,ဒီနေ့ အိမ်မှာပဲ အနားယူမယ်,0,Queue,Leisure
วันนี้ตอนเช้าคุณทำอะไรครับ,ဒီမနက် ဘာလုပ်ခဲ့လဲ။,600,Queue,General
วันนี้ผมใส่,ဒီနေ့ကျနော် ဝတ်လာတာက,30,Ready,Daily
วันนี้ฝนตก,ဒီနေ့ မိုးရွာတယ်,700,Ready,Weather
วันนี้วันที่เท่าไหร่เดือนอะไรและปีพ.ศ.อะไรครับ,ဒီနေ့ ဘာလနဲ့ ဘယ်နှစ်လဲ?,200,Ready,Time
วันนี้วันหยุด,ဒီနေ့နားရက်,7000,Ready,Daily
วันนี้เป็นวันอะไรครับ,ဒီနေ့ဘာနေ့လဲ,400,Ready,Question
วันนี้แอนน์มาถึงห้องเรียนเช้า,ဒီနေ့ အန်းက ကျောင်းစောစောလာတယ်,400,Ready,School
วันนี้ไม่ไปทำงานแล้ว,ဒီနေ့အလုပ်မသွားဘူးလား,6000,Ready,Daily
วันพฤหัสบดี,ကြာသပတေးနေ့,3500,Queue,Time
วันพุธ,ဗုဒ္ဓဟူးနေ့,3500,Queue,Time
วันมะรืนนี้,သန်ဖက်ခါ,800,Queue,Time
วันศุกร์,သောကြာနေ့,3500,Queue,Time
วันหยุด,အားလပ်ရက်,0,Queue,Leisure
วันอะไร,ဘယ်နေ့လဲ,400,Ready,General
วันอังคาร,အင်္ဂါနေ့,3500,Queue,Time
วันอาทิตย์,တနင်္ဂနွေနေ့,3500,Queue,Time
วันเกิด,မွေးနေ့,300,Ready,Daily
วันเกิดของผมคือวันที่๒๙มกราคมพศ๒๕๓๐,ကျနော့်မွေးနေက ၂၉ ရက်နေ့ ဇန်နဝါရီ (ဗုဒ္ဓနှစ်)၂၅၃၀,300,Ready,Personal
วันเสาร์,စနေနေ့,3500,Queue,Time
วันเสาร์วันอาทิตย์,စနေ တနင်္ဂနွေ,100,Ready,Time
วันไหน,ဘယ်နေ့လဲ,1500,Queue,General
วัย,အရွယ်,300,Ready,General
วางไว้ที่สำนักงานเลยครับ,ရုံးမှာထားခဲ့ပါ,4700,Ready,General
วาดรูป,ပုံဆွဲသည်,0,Queue,Leisure
วิศวกร,အင်ဂျင်နီယာ,300,Ready,Job
วิ่ง,ပြေး,200,Ready,Sport
วีซ่า,ဗီဇာ,0,Queue,Immigration
วุ้นเส้น,ခေါက််ဆွဲအကြည်,1000,Queue,Food
ว่าทั้งหัวใจมีแต่เธอนั้น,ကိုယ့်ရင်ထဲမှာမင်းတယောက်ပဲရှိတယ်,1000,Queue,Song
ว่ายน้ำ,ရေကူး,0,Queue,Sport
ว่าอะไร,ဒါကိုဘယ်လိုခေါ်လဲ,6100,Ready,Question
ว่าไงนะ,ဘာပြောလိုက်တာလဲ,4000,Queue,General
ศ ศาลา,ဇရပ်,9860,Ready,Consonant
ศรีภูมิ,စီဖွန်း,1500,Ready,Place
ศาลพระภูมิ,ခြံထောင့်နတ်ကွန်း,1700,Ready,Religion
ศาสนา,သာသနာ,300,Ready,Religion
ศาสนาคริสต์,ခရစ်ယာန်ဘာသာ,300,Ready,Religion
ศาสนาฮินดู,ဟိန္ဒူဘာသာ,200,Ready,Religion
ศีรษะ,ခေါင်း,1000,Ready,Body
ศูนย์,သုည,4200,Ready,Number
ษ ฤๅษี,ရသေ့,9360,Ready,Consonant
ส เสือ,ကျား,8960,Ready,Consonant
สกปรกหรือสะอาด,ညစ်ပတ် သို့ သန့်ရှင်းသော,1600,Queue,Adjective
สดหรือเน่า,လတ်ဆတ်သော သို့ မလတ်ဆတ်သော,2000,Queue,Adjective
สถานที่โปรด,အကြိုက်ဆုံးနေရာ,500,Queue,Place
สถานทูต,သံရုံး,1500,Queue,Place
สถานทูต,သံရုံး,0,Queue,Immigration
สถานะทางกฎหมาย,ဥပဒေရေးရာအခြေအနေ,0,Queue,Immigration
สนามบิน,လေဆိပ်,1000,Queue,Place
สนามฟุตบอล,ဘောလုံးကွင်း,55,Queue,Sport
สนุก,ပျော်ရွှင်မှု,500,Queue,Emotion
สบู่และแชมพู,ဆပ်ပြာနဲ့ ခေါင်းလျှော်ရည်,500,Ready,Object
สมัยก่อนผมทำแกงเนื้อเองเลย,အရင်တုန်းကတော့ အမဲသားဟင်းကို ကိုယ်တိုင်ချက်တယ်။,1000,Queue,Daily
สมุด,မှတ်စုစာအုပ်,1000,Queue,Education
สรรพนาม,နာမ်စား,1000,Queue,Education
สระว่ายน้ำ,ရေကူးကန်,2000,Queue,Place
สร้อยคอ,ဆွဲကြိုး,800,Queue,Clothing
สละเลือดทุกหยาดเป็นชาติพลี,သွေး အသက်တွေနဲ့လဲပြီး ကာကွယ်စောင့်ရှောက်သွားကြပါမယ်,150,Ready,Song
สวนสาธารณะ,ပန်းခြံ,1100,Ready,Location
สวัสดี,မင်္ဂလာပါ။,6500,Ready,Greeting
สวัสดีครับ,မင်္ဂလာပါ,20,Ready,Greeting
สวัสดีตอนค่ำ,ကောင်းသောညနေခင်းပါ။,8500,Ready,Greeting
สวัสดีตอนบ่าย,ကောင်းသောနေ့လည်ခင်းပါ။,6500,Ready,Greeting
สวัสดีตอนเช้า,ကောင်းသောမနက်ခင်းပါ။,7000,Ready,Greeting
สว่างหรือมืด,အလင်း သို့ အမှောင်,4000,Queue,Adjective
สหรัฐอเมริกา,အမေရိက,500,Ready,Country
สอง,နှစ်,5200,Ready,Number
สองด้ามปากกา,ဘောပင် ၂ ချောင်း,3000,Queue,Object
สะพาน,တံတား,600,Queue,Structure
สะพานข้ามทางรถไฟ,ကုန်းကျော်တံတား,1500,Queue,Structure
สะเดา,တမာပင်,1000,Ready,Food
สะโพก,တင်ပါး,300,Ready,Body
สัก,တက်တူး,1000,Queue,Daily
สันผีเสื้อ,ဆန်ဖီဆု့ာ,1500,Ready,Place
สัมภาษณ์,အင်တာဗျူး,0,Queue,Immigration
สั่งก๋วยเตี๋ยวให้หน่อย,ကွေ့တယို တချက်မှာပေးနိုင်မလား,1200,Queue,Daily
สาม,သုံး,5200,Ready,Number
สามตัวเสื้อ,ရှပ် ၃ ထည်,3500,Queue,Clothing
สามอาทิตย์ที่แล้ว,သုံးပတ်အရင်က,1000,Queue,Time
สามารถเข้าถึง,ဖတ်နိုင်အောင်,2600,Queue,General
สามีภรรยา,လင်မယား,300,Ready,Family
สามเม็ดพริก,ငြုပ််သီးတောင့် ၃ တောင့်,800,Queue,Food
สายหรือเร็ว,နောက်ကျ သို့ စောသော,2500,Queue,Adjective
สำนักงาน,ရုံး,2600,Ready,Place
สำลีพันด้าม,နားကျပ်တံ,3000,Queue,Object
สำหรับต่างชาติ,နိုင်ငံခြားသားများအတွက်,2200,Ready,General
สิงหาคม,သြဂုတ်,6400,Queue,Calendar
สิงโตนำโชค,ပေါ့အဆိုတော်,300,Ready,Song
สิบ,တစ််ဆယ်,5200,Ready,Number
สิบลิตรนม,နို့ ၁၀ လီတာ,1500,Queue,Food
สิบสอง,ဆယ့်နှစ်,4200,Ready,Number
สิบห้า,ဆယ့်ငါး,30,Ready,Number
สิบเอ็ด,ဆယ့်တစ်,4200,Ready,Number
สิบโมงครึ่งเช้า,မနက်10နာရီခွဲပါ,1600,Ready,Time
สีกรมท่า,နေဗီရောင်,1000,Queue,Color
สีขาว,အဖြူရောင်,600,Ready,Color
สีชมพู,ပန်းရောင်,4500,Ready,Color
สีชมพูอ่อน,ပန်းနုရောင်,5000,Ready,Color
สีทอง,ရွှေရောင်,900,Queue,Color
สีทาลา,မြည်းအတွက်အရောင်,1200,Queue,School
สีน้ำตาล,အညိုရောင်,6600,Ready,Color
สีฟ้า,အပြာရောင်,7000,Ready,Color
สีม่วง,ခရမ်းရောင်,10700,Ready,Color
สีส้ม,လိမ္မော်ရောင်,8000,Ready,Color
สีอะไรก็ได้,ဘာရောင်ဖြစ်ဖြစ်ရတယ်။,3500,Ready,Color
สีอ่อน,အရောင်နု,6500,Ready,Color
สีเข้ม,အရောင်ရင့်,11000,Ready,Color
สีเงิน,ငွေရောင်,900,Queue,Color
สีเทา,မီးခိုးရောင်,6000,Ready,Color
สีเทาเทา,မွဲမွဲလေး,500,Ready,Color
สีเหลือง,အဝါရောင်,4000,Ready,Color
สีใด,ဘာရောင်လဲ,505,Ready,Color
สีใสใส,ကြည််ကြည်လေး,500,Ready,Color
สี่,လေး,5200,Ready,Number
สี่ช้อน,ဇွန်း ၄ ချောင်း,1300,Queue,Object
สี่อาทิตย์หน้า,လေးပတ်နောက်,1500,Queue,Time
สุกหรือดิบ,မှည့် သို့ စိမ်းသော,1300,Queue,Adjective
สุขภาพ,ကျန်းမာရေး,500,Queue,Health
สุเทพ,ဆုထက်,1500,Ready,Place
สูงกว่าผม,ကျနော့်ထက်ရှည်တယ်,800,Queue,Daily
สูงหรือเตี้ย,ရှည်သော သို့ တိုသော (အမြင့်),3500,Queue,Adjective
สูงและแข็งแรง,အရပ်ရှည်ပြီး သန်မာတယ်,3700,Queue,Adjective
สูบได้ที่นี่,ဒီနေရာမှာ ဆေးလိပ်သောက်နိုင်ပါတယ်,1000,Queue,General
สแกนไวรัส,ဗိုင်းရပ်စ်စစ်ဆေး,0,Queue,Technology
ส่ง,ပေးပို့သည်,500,Queue,General
ส่งข้อความ,မက်ဆေ့ပို့သည်,1000,Queue,General
ส่วนสูง166เซนติเมตร,အရပ် ၁၆၆ စင်တီမီတာ,2600,Queue,Body
ส่วนใหญ่ผมกินแต่ข้าวกับผักต้ม,အများအားဖြင့် ထမင်းနဲ့အရွက်ပြုတ်တွေပဲ စားတယ်။,2000,Queue,General
ส้มตำลาว,လာအိုသင်္ဘောသီးသုပ်,500,Ready,Food
ส้มตำไทย,ထိုင်းသင်္ဘောသီးသုပ်,600,Ready,Food
ส้มและองุ่น,လိမ္မော်သီးနဲ့ စပျစ်သီး,1300,Queue,Food
ส้าต้มแซ่บ,အသားချဥ်စပ် ပြုတ်/သုပ်,200,Ready,Food
ห หีบ,သေတ္တာ,8960,Ready,Consonant
หก,ခြောက်,5200,Ready,Number
หกคู่รองเท้า,ဖိနပ် ၆ ရံ,5100,Queue,Clothing
หนองป่าครั่ง,နွန်းပါခရန်း,1500,Ready,Place
หนองหอย,နွန်းဟွိုင်,1500,Ready,Place
หนักหรือเบา,အလေး သို့ အပေါ့,5700,Queue,Adjective
หนัง,ရုပ်ရှင်,500,Queue,General
หนังสือ,စာအုပ်,500,Queue,School
หนังสือเดินทาง,နိုင်ငံကူးလက်မှတ်,0,Queue,Immigration
หนังสือเดินทาง,ပတ်စ်ပို့,700,Queue,Object
หนังสือเล่มนี้,ဒီစာအုပ်,1900,Queue,General
หนังสือเล่มนี้ได้,ဤစာအုပ်ကို ယခုရရှိနိုင်ပါပြီ။,2500,Queue,General
หนังสือเสียง,အသံစာအုပ်,1700,Queue,General
หนังเรื่องนี้ขำดี,ဒီရုပ်ရှင်က ရယ်ရတယ်,1000,Queue,Daily
หนาวนี้ที่ ดอยม่อนแจ่ม,မွန်ကျမ်းကဆောင်းရာသီ,200,Ready,Location
หนึ่ง,တစ်,5200,Ready,Number
หนึ่งพัน,ထောင်,5200,Ready,Number
หนึ่งลาเต้ร้อนครับ,ကျေးဇူးပြုပြီး လတ်တေးပူပူလေးတစ်ခွက်ပေးပါ။,15,Ready,Daily
หนึ่งล้าน,သန်း,5200,Ready,Number
หนึ่งสัปดาห์มีเจ็ดวัน,၁ ပတ်မှာ ၇ ရက်ရှိတယ်,4500,Queue,Daily
หนึ่งหมื่น,သောင်း,5200,Ready,Number
หนึ่งเล่มหนังสือ,စာ ၁ အုပ်,2000,Queue,Object
หนึ่งแสน,သိန်း,5200,Ready,Number
หน่อยครับ,တဆိတ်လောက် ကျနော့်ကိုပြောပါ,2000,Queue,General
หน่อไม้ดอง,မျှစ်ချဉ်,650,Ready,Food
หน้าจอ,မျက်နှာပြင်,0,Queue,Technology
หน้าจอแตก,မျက်နှာပြင် ကွဲသွားတယ်,0,Queue,Technology
หมวก,ဦးထုတ်,4000,Queue,Clothing
หมวก,ဦးထုပ်,3000,Queue,Object
หมวกนิรภัย,ဆိုင်ကယ်ဦးထုတ်,2500,Queue,Clothing
หมอน,ခေါင်းအုံး,2000,Queue,Object
หมูปิ้ง,ဝက််ကင်,500,Ready,Food
หมูย่าง,ဝက်ကင်,1600,Queue,Food
หมู่,ကျေးရွာအုပ်စု,310,Ready,Place
หมู่บ้าน,ရွာ,500,Ready,Place
หมู่บ้านนี้น่าอยู่มากเลยอ่ะ,ဒီရွာလေးကအရမ်းသာယာတယ်,500,Ready,General
หม้อ,ဒယ်အိုး,5000,Ready,Food
หม้อข้าว,ထမင်းပေါင်းအိုး,5500,Ready,Food
หม้อหุงข้าว,ထမင်းပေါင်းအိုး,4000,Ready,House
หรือเปล่า,ဟုတ်တယ်မလား,1000,Queue,General
หลวงพี่,ကြွပါဘုရား (ကိုယ့်ထက်ကြီး),700,Queue,Religion
หลวงพ่อ,ကြွပါဘုရား (အဖေ့ထက်ကြီး),700,Queue,Religion
หลอด,အချိုရည်ပိုက်,2000,Queue,Object
หลังคาและหน้าต่าง,အမိုးနဲ့ ပြတင်းပေါက်,7500,Queue,Object
หลังจากที่เธอมาถึง,သူမရောက်ပြီးနောက်,1000,Queue,Time
หลังเลิกเรียน,ကျောင်းဆင်းရင်,800,Queue,Time
หลานชายและหลานสาว,တူနဲ့ တူမ/မြေးနဲ့ မြေးမ,1100,Queue,Family
หลายประเภท,အမျိုးမျိုး,5700,Queue,General
หลู้,သွေးဟင်းရည်,1000,Queue,Food
หล่อ,ချောမောသော,500,Ready,General
หวานหรือเปรี้ยว,ချိုသော သို့ ချဥ်သော,2000,Queue,Adjective
หัวล้าน,ကတုံး,2500,Queue,Adjective
หัวหน้าห้อง,အတန်းခေါင်းဆောင်,2000,Queue,General
หากเธอก็รักเธอก็รู้สึกดีๆเหมือนกัน,မင်းလည်းကိုယ့်ကိုချစ်ပြီးရင်ခုန်သံတွေ ထပ်တူညီနေမလား,1000,Queue,Song
หาบ,ထမ်းပိုးသည်,800,Queue,Action
หายยา,ဟိုက်ယာ,1500,Ready,Place
หายไวๆนะครับ,မကြာခင်သက်သာပါစေ,1000,Queue,Health
หาว,သမ်းဝေသည်,1100,Queue,Action
หาเจอแล้ว,ရှာတွေ့ပြီ,8000,Ready,Daily
หาเจอไหม,ရှာတွေ့လား,7300,Ready,General
หาเสามา,တိုင်ရှာသွား,1000,Queue,Action
หาเหา,ခြများကိုရှာပါ။,1000,Queue,Daily
หาและพา,ရှာပြီးယူပါ။,1000,Queue,Action
หาให้เจอ,တွေ့အောင််ရှာ,7000,Ready,Daily
หาไม่เจอ,ရှာမတွေ့ဘူး,5500,Ready,Daily
หิวข้าวหยัง,ထမင်းဆာပြီလား,6500,Ready,Daily
หิวข้าวแล้ว,ထမင်းဆာပြီ,7000,Ready,Daily
หุ่นดีเอวคอด,ပုံကောင်း၊ ခါးကျဉ်း,1500,Queue,Body
หูตา,နား၊ မျက်လုံး,500,Ready,School
หูฟัง,နားကျပ်,600,Queue,Object
หูและปาก,နားနဲ့ ပါးစပ်,1000,Queue,Body
ห้องฉุกเฉิน,အရေးပေါ်ခန်း,1000,Ready,Health
ห้องนอน,အိပ်ခန်း,800,Queue,Place
ห้องสมุด,စာကြည့်တိုက်,520,Ready,Place
ห้องเรียน,စာသင်ခန်း,1000,Queue,Place
ห้า,ငါး,5200,Ready,Number
ห้ามสูบบุหรี่,ဆေးလိပ်မသောက်ရ,3000,Queue,General
ห้าแผ่นกระดาษ,စာ ၅ ရွက်,1500,Queue,Object
ฬ จุฬา,စွန်,10960,Ready,Consonant
อ อ่าง,ကန်,8460,Ready,Consonant
องค์การสหประชาชาติ,ကုလသမဂ္ဂ,1500,Queue,Politics
อดิเรกของคุณคืออะไรครับ?,မင်းရဲ့ဝါသနာက ဘာလဲ,2500,Queue,General
อนุทินชาญวีรกูล,ဖွန်ကျေထိုင်-ပါတီခေါင်းဆောင်၊ လက်ရှိအစိုးရနဲ့ လက်တွဲ၊ ပြည်သူ့ကျန်းမာရေး ဝန်ကြီးဌာန ဒုဝန်ကြီး၊ အနုထင်ချန်ဝီရကွန်,800,Queue,Politics
อยากทำอะไรก็ทำ,လုပ်ချင်တာလုပ်,600,Queue,General
อยากสักรูปสิงโตที่หลัง,နောက်ကျောမှာ ခြင်္သေ့ပုံတက်တူးထိုးချင်တယ်။,1000,Queue,Daily
อยากส่งมันไปแม่สายครับ,ဒါ မဲ့ဆိုင်ကို ပို့ချင်လို့ပါ,500,Queue,General
อยากให้เชื่อกัน,ယုံစေချင်ပါတယ်,1000,Queue,Song
อยากได้หมู,ဝက်သားလိုချင်ပါတယ်,500,Queue,Food
อยากได้หมูสามชั้น1กิโลราคาเท่าไหร่ครับ,၃ ထပ်သားလိုချင်ပါတယ်၊ တကီလိုဘယ်ဈေးလဲ,650,Queue,Food
อยู่ดำรงคงไว้ได้ทั้งมวล,ဤမြေကြီးကို ထိန်းသိမ်းထားကြတယ်,50,Ready,Song
อย่าคิดมาก,အရမ်းမတွေးနဲ့,6100,Ready,Daily
อย่างที่รู้กัน,မင်းသိတဲ့အတိုင်း,1500,Ready,General
อย่างไร,ဘယ်လိုလဲ,3500,Queue,General
อย่างไรคุณทำ,အခြေအနေဘယ်လိုလဲ,3000,Queue,General
อย่าปาขยะ,အမှိုက်မပစ်ရ။,1500,Queue,General
อย่ายอมแพ้ง่ายๆ,လွယ်လွယ်အရှုံးမပေးနဲ့,6500,Ready,Encouragement
อย่าเพิ่งมา,မလာသေးဘူး။,5000,Ready,Command
อย่าโกหกฉัน,ငါ့ကို မလိမ်နဲ့,2000,Queue,General
อร่อย,အရသာရှိသည်,400,Ready,Adjective
อวย สวย,လှပသည်,5500,Queue,Vowel
ออกกำลังกายมากขึ้น,အားကစားများများလုပ်ပါ,2000,Queue,Health
ออกจากที่นี่,ဒီကထွက်ခွာသည်,800,Queue,Action
ออกจากระบบ,ထွက်ပါ,0,Queue,Technology
ออย ลอย,မျောသည်,6500,Queue,Vowel
อะ ประตู,တံခါး,5515,Ready,Vowel
อะไร,ဘာလဲ,10,Ready,General
อะไรเกิดขึ้น,ဘာဖြစ်တာလဲ,3000,Queue,General
อั อังคาร,အင်္ဂါ,5510,Ready,Vowel
อันธพาล,ဂိုဏ်းစတား,2600,Queue,Social
อันนั้น,ထိုအရာ,500,Ready,General
อันนี้ก็ใช่,ဒါလည်းဟုတ်တယ်,200,Ready,General
อันนี้ตัวภาษาไทยเรียกว่าอะไรครับ,ဒါကို ထိုင်းလိုဘယ်လိုခေါ်,500,Queue,General
อันโน้น,ဟိုးအဝေးကအရာ,500,Ready,General
อัปเดต,အပ်ဒိတ်,0,Queue,Technology
อัปโหลด,အပ်လုဒ်လုပ်သည်,0,Queue,Technology
อัย วัยรุ่น,ဆယ်ကျော်သက်,6000,Queue,Vowel
อา อา,ဦးလေး,5510,Ready,Vowel
อากาศร้อนประมาณ10เดือน,ရာသီဥတုက ၁၀ လ လောက်ပူတယ်။,600,Queue,Weather
อากาศหนาวนิดหน่อย,ရာသီဥတုက နည်းနည်းအေးတယ်။,600,Queue,Weather
อากาศเย็นสบายมาก,ရာသီဥတုကောင်းတယ်,1000,Queue,Weather
อาจจะ,ဖြစ်ကောင်းဖြစ်,500,Queue,General
อาทิตย์ที่ผ่านมา,လွန်ခဲ့တဲ့အပတ်,3200,Queue,Time
อาทิตย์นี้,ဒီအပတ်,5000,Queue,Time
อาทิตย์หน้า,နောက်တပတ်,3500,Queue,Time
อาพามา,ဦးလေးကခေါ်လာတယ်,1200,Queue,School
อามีตา,ဦးလေးမှာ မျက်လုံးရှိတယ်,500,Ready,School
อาย อาย,ရှက်သည်,5500,Queue,Vowel
อายุน้อยกว่าผม,ကျနော့်ထက််ငယ်တယ်,800,Queue,Daily
อายุมากกว่าผม,ကျနော့်ထက်ကြီးတယ်,1000,Queue,Daily
อาราม,ဘုန်းကြီးကျောင်း,1000,Queue,Religion
อารี,စိတ်ကောင်းရှိသော,1500,Queue,Adjective
อาว ขาว,အဖြူ,5500,Queue,Vowel
อาหารกลางวัน,နေ့လည်စာ,800,Queue,Food
อาหารพื้นเมือง,ဒေသစာ,1600,Queue,Food
อาหารเช้า,မနက်စာ,1200,Queue,Food
อาหารเย็น,ညစာ,400,Ready,Food
อาหารไทย,ထိုင်းအစားအစာ,5200,Ready,Food
อาโวกาโดร,ထောပတ်သီး,200,Ready,Nature
อำ ทำ,လုပ်သည်,5500,Queue,Vowel
อำเภอ,ခရိုင်,1500,Queue,Place
อิ คิด,စဥ်းစားသည်,5510,Ready,Vowel
อินทนิล,ပျဥ်းမပင်,500,Queue,Nature
อินเดีย,အိန္ဒိယ,400,Ready,Country
อินเทอร์เน็ต,အင်တာနက်,0,Queue,Technology
อินเทอร์เน็ตช้ามาก,အင်တာနက် အရမ်းနှေးတယ်,0,Queue,Technology
อิเล็กทรอนิกส์มากกว่า,အီးဘွတ်တွေပိုပြီး,2200,Queue,General
อิ่มแล้ว,ဗိုက််တင်းပြီ,700,Ready,Daily
อีก,ပို၍,1000,Queue,General
อีกสองเดือนครับ,နောက်ထပ် နှစ်လနေရင်။,600,Queue,Time
อีกา,ကျီီး,1500,Queue,Animal
อีเมล,အီးမေးလ်,0,Queue,Technology
อึ อึฝึก,လေ့ကျင့်သည်,6010,Ready,Vowel
อื คืน,ည,5510,Ready,Vowel
อือ มือ,လက်,5500,Ready,Vowel
อื่น,နောက်တစ်ခု,200,Ready,General
อุ จุด,အစက်,5500,Ready,Vowel
อุดฟัน,သွားဖာသည်,300,Ready,Health
อุบัติเหตุ,မတော်တဆမှု,500,Queue,General
อุปกรณ์,ကိရိယာ,0,Queue,Technology
อุย คุย,ပြောသည်,6500,Queue,Vowel
อู อูลูก,ကလေး,6000,Ready,Vowel
อู่ซ่อมมอเตอร์ไซค์,ဆိုင်ကယ်ဝပ်ရှော့,1100,Ready,Place
อู๊สให้นี่ไงก็แตก,*ကို*လို့ *မယ်,1000,Queue,18+
อ็ ก็,လည်းပဲ,5500,Ready,Vowel
อ็อ อ็องรี,အော်ရ်ရီ,5500,Ready,Vowel
อ็อย อ็อย,ဆီ,5500,Queue,Vowel
อ่อนหรือแข็ง,နူးညံ့သော သို့ မာကြောသော,1000,Queue,Adjective
อ่างเก็บน้ำอันคะเว่อ,အန်ခရော ရေလှောင်တမံ,3000,Queue,Place
อ่านหนังสือ,စာအုပ်ဖတ်သည်,0,Queue,Leisure
อ่านหนังสือ,စာဖတ်တယ်,1700,Queue,General
อ้วก,အန်သည်,600,Ready,Health
อํ ปุริสํ,ဆီး,5500,Queue,Vowel
ฮ นกฮูก,ဇီးကွက်,8000,Ready,Consonant
ฮาร์ดแวร์,ဟာ့ဒ်ဝဲ,0,Queue,Technology
ฯ ไปยาลน้อย,(စသဖြင့်) အတိုကောက်,2000,Ready,Education
เกมนี้สนุกมาก,ဒီပွဲက အရမ်းပျော်စရာကောင်းတယ်,0,Queue,Sport
เกรงกลัว,ကြောက်ရွံ့သည်,800,Queue,Emotion
เกรปฟรุต,ကျွဲကော,200,Ready,Nature
เกลือ,ဆား,4000,Ready,Food
เกาหลีใต้,တောင်ကိုရီးယား,3000,Ready,Country
เกาไวไว,မြန်မြန်ကုတ်,1000,Queue,Action
เกิดวันพฤหัสบดี,ကြာသာပတေးနေ့မှာမွေးတယ်,500,Queue,Daily
เกิดแผ่นดินไหวใหญ่เบิ้มเลยนะ,ကြီးမားသော ငလျင်တစ်ခု လှုပ်ခတ်ခဲ့သည်။,1000,Queue,Nature
เกี่ยวกับวิวัฒนาการ,ဆင့်ကဲဖြစ်စဉ်အကြောင်း,2400,Queue,General
เกี่ยวข้อง,ပတ်သက်တယ်။,8300,Ready,General
เกือบ,လုနီးပါး,800,Queue,General
เกเร,ဆိုးသွမ်းသော,1000,Queue,Adjective
เก็บความรักไว้อย่างนั้น,တို့အချစ်တွေကို မျက်ကွယ်ပြုခဲ့ရင်,1500,Queue,Song
เก็บความลับนี้นะ,ဒါကိုလျှို့ဝှက်ထားပါ,2300,Queue,General
เก็บไว้,သိမ်းထားပါ,1500,Queue,General
เก่งจัง,မင်းက မိုက်လိုက်တာ။,1100,Queue,18+
เก่าหรือใหม่,အဟောင်း သို့ အသစ်,3600,Queue,Adjective
เก้า,ကိုး,5200,Ready,Number
เก้ากิโลข้าว,ဆန် ၉ ကီလို,1400,Queue,Food
เขตตรวจจับความเร็ว,မြန်နှုန်းထောက်လှမ်းဇုန်,1000,Queue,General
เขตโรงเรียนลดความเร็ว,ကျောင််းရှိသည် အရှိန်လျှော့,3000,Queue,General
เขา,သူ/သူမ,5500,Ready,Pronoun
เขาจาม,နှာချေသည်,2000,Queue,Daily
เขาชอบถ่ายรูปวิวธรรมชาติ,သူက သဘာဝရှုခင်းတွေကို ဓာတ်ပုံရိုက်ရတာ ကြိုက်တယ်,0,Queue,Leisure
เขาชอบโมเมเรื่องที่ไม่จริง,သူက မမှန်တဲ့ ဇာတ်လမ်းတွေကို ဖန်တီးရတာ ကြိုက်တယ်။,500,Queue,General
เขาพยายามมากเลย,သူအရမ်းကြိုးစားတယ်,3000,Queue,General
เขาพยายามแก้ตัว,သူဆင်ခြေပေးဖို့ကြိုးစားတယ်။,1100,Ready,Daily
เขามาถึงห้องเรียนเวลา9โมง15นาที,၉ နာရီီ ၁၅ မှ အတန်းထဲရောက်လာတယ်,500,Ready,School
เขามาสายไป15นาที,သူရောက်လာတာ ၁၅ မိနစ်နောက်ကျတယ်။,500,Ready,School
เขาสองคนกลับบ้านตอน2ทุ่ม,သူတို့ နှစ်ယောက် အိမ်ပြန်ရောက်တော့ ည ၈ နာရီ,600,Queue,General
เขาหิวตลอดเวลา,သူတချိန်လုံး ဗိုက်ဆာနေတယ်။,600,Ready,Daily
เขาเกือบสายวันนี้,သူနောက်ကျတော့မလို့။,500,Queue,Daily
เขาเก่งเทนนิสมาก,သူ တင်းနစ်မှာ အရမ်းတော်တယ်,0,Queue,Sport
เขาเป็นผู้ชายกำยำมาก,သူက အရမ်းသန်မာတဲ့လူတစ်ယောက်ပါ။,500,Queue,General
เขาเมา,အရက်မူးသည်,1500,Queue,Daily
เขาเลิกเรียนประมาณเที่ยง,နေ့လည်လောက်ကျောင်းပြီးတယ်,500,Queue,School
เขาแก่โขแล้ว,သူက အသက်အရမ်းကြီးတယ်။,1000,Queue,Daily
เขาไถนา,ထွန်ရေးလယ်,2500,Queue,Action
เขาไปเที่ยวต่างประเทศทุกปี,သူက နှစ်တိုင်း နိုင်ငံခြားကို အလည်သွားတယ်,0,Queue,Leisure
เขียนและอ่าน,စာရေးနဲ့ စာဖတ်,2500,Queue,Action
เข็มขัด,ခါးပတ်,2700,Queue,Clothing
เข็มขัด,ခါးပတ်,2500,Queue,Object
เข้านอน,အိပ်ရာဝင်သည်,2500,Queue,General
เข้าสู่ระบบ,ဝင်ရောက်ပါ,0,Queue,Technology
เข้าเรียน,စာသင်ခန်းထဲဝင်သည်,500,Queue,School
เคย,ရောက်ဖူးတယ်/ဖြစ်ဖူးတယ်,300,Ready,General
เคยมา,လာဖူးတယ်,4500,Ready,Experience
เคยเป็น,ဖြစ်ခဲ့သည်,500,Queue,General
เครือข่าย,ကွန်ရက်,0,Queue,Technology
เครื่องซักผ้า,အဝတ်လျှော်စက်,6600,Ready,House
เครื่องดื่ม,သောက်စရာ,595,Ready,Food
เครื่องบิน,လေယာဥ်ပျံ,700,Ready,Transportation
เคาน์เตอร์บริการข้อมูล,အင်ဖော်မေးရှင်းကောင်တာ,1000,Queue,Place
เค็มหรือจืด,ငန် သို့ ပေါ့သည်,2300,Queue,Adjective
เค้ากินหมดเรียบเลยอะ,သူအကုန်စားလိုက်ပြီ,500,Queue,Daily
เงาะ,ကြက်မောက်သီး,500,Queue,Nature
เงินไทย,ထိုင်းငွေ,5300,Ready,Money
เจอกันพรุ่งนี้,နက်ဖြန်မှတွေ့မယ်။,10000,Ready,Greeting
เจ็ด,ခုနှစ်,5200,Ready,Number
เจ็ดลูกผลไม้,သစ်သီး ၇ လုံး,2300,Queue,Food
เจ็บคอ,လည်ချောင်းနာသည်,500,Ready,Health
เจ็บนิดหน่อย,နည်းနည်းပဲနာတယ်,500,Queue,Health
เจ็บปวด,နာကျင်သည်,5700,Queue,Health
เจ้าของบ้าน,အိမ်ရှင်,500,Ready,House
เจ้าหน้าที่,အရာရှိ,500,Queue,General
เจ้าหน้าที่ตรวจคนเข้าเมือง,လူဝင်မှုကြီးကြပ်ရေးအရာရှိ,0,Queue,Immigration
เช่น,နမူနာအနေနဲ့,500,Queue,General
เช่นกัน,အတူတူပဲ,2500,Queue,General
เช่นนิยาย,ဝတ္ထုတွေလိုမျိုး,2200,Queue,General
เช่า,အိမ်ငှားသည်,500,Ready,Verb
เช้าหรือสาย,စော သို့ နောက်ကျသော,2500,Queue,Time
เดาดูที่,ဘယ်မှာလဲ ခန့်မှန်းကြည့်,1000,Queue,Question
เดินหรือวิ่ง,လျှောက် သို့ ပြေး,7500,Queue,Action
เดี๋ยวเจอกัน,နောက်မှတွေ့မယ်။,12100,Ready,Greeting
เดือนกันยายนเป็นฤดูฝนฝนตกมาก,စက်တင်ဘာလသည် မိုးရာသီဖြစ်ပြီး မိုးများသည်။,600,Queue,Weather
เดือนธันวาคมเป็นฤดูหนาว,ဒီဇင်ဘာသည် ဆောင်းရာသီဖြစ်သည်။,600,Queue,Weather
เดือนนี้ฝนจะตกหนักมาก,ဒီီလ မိုးကောင်းမယ်,2000,Queue,Weather
เดือนนี้เดือนอะไรครับ,ဒါလက ဘယ်လလဲ။,300,Ready,Time
เดือนพฤษภาคมปีหน้าครับ,နောက်နှစ် မေလ,600,Queue,Time
เดือนมิถุนายน,ဇွန်လ,150,Ready,Time
เดือนหน้าคุณจะกลับบ้านไหมครับ,နောက်လမှ အိမ်ပြန်မှာလား။,600,Queue,General
เด็กหรือผู้ใหญ่,အသက် ငယ် သို့ကြီးသော,2000,Queue,General
เตา,မီးဖို,500,Ready,Food
เตา,မီးဖို,4000,Ready,House
เตารีด,မီးပူ,2000,Ready,House
เตาแก๊ส,ဂတ်မီးဖို,5000,Ready,House
เตียง,အိပ်ရာ,2000,Queue,Object
เตี้ยกว่าผม,ကျနော့်ထက်ပုတယ်,800,Queue,Daily
เถลิงประเทศไทยชาติไทยทวีมีชัยชโย,ထိုင်းနိုင်ငံတော်ကြီး တည်တံ့ခိုင်မြဲဖို့အတွက်,500,Ready,Song
เถามะระ,ကြက်ဟင််းခါးနွယ်,1500,Queue,Plant
เทกะทะ,အိုးထဲကိုလောင်းထည့်သည်,500,Queue,School
เทนนิส,တင်းနစ်,100,Ready,Sport
เทยาทายา,ဆေးလောင်းချသည်/ဆေးလိမ်းသည်,1000,Queue,Health
เทียน,ဖယောင်းတိုင်,1500,Queue,Object
เที่ยงคืน,ည ၁၂ နာရီ,1400,Ready,Time
เที่ยงตรง,မွန်းတည့်အတိ,1000,Queue,Time
เที่ยงวัน,မွန်းတည့်၁၂နာရီ,1400,Ready,Time
เที่ยว,ခရီးသွားသည်,500,Ready,Verb
เที่ยว,အလည်သွားသည်,0,Queue,Leisure
เท่าไร,ဘယ်လောက်လဲ,10,Ready,General
เท่าไรมันมีราคา,ဒါဘယ်လောက်လဲ,3500,Queue,General
เธอ,သူမ,5000,Ready,Pronoun
เธอเป็นนักกีฬาว่ายน้ำ,သူမသည် ရေကူးအားကစားသမားတစ်ဦး ဖြစ်သည်,0,Queue,Sport
เธอเป็นเพื่อนของผม,သူမက ကျနော့်သူငယ်ချင်း,300,Ready,Daily
เธอไปช้อปปิ้งที่ห้างสรรพสินค้า,သူမသည် ကုန်တိုက်မှာ ဈေးဝယ်သည်,0,Queue,Leisure
เนื้อ,အမဲသား,5000,Ready,Food
เนื้อหมู,ဝက်သား,4000,Ready,Food
เนื้อเปื่อย,အမဲသားပေါင်း,515,Queue,Food
เนื้อเพลง,သီီချင်းစာသား,2000,Queue,Music
เนื้อแกะ,သိုးသား,300,Ready,Food
เนื้อแพะ,ဆိတ်သား,500,Ready,Food
เบาหรือดัง,တိုးတိုး သို့ ကျယ်ကျယ်,1800,Queue,Adjective
เบียร์สด,စည်ဘီယာ,500,Ready,Drink
เบียร์สิงห์มีไหมครับ,စင်ဂါးဘီယာရှိလား,400,Ready,Drink
เปลี่ยน,ကွေ့သည်,800,Queue,Action
เปลี่ยนน้ำมันเครื่อง,အင်ဂျင်ဝိုင်လဲချင်တယ်,1000,Queue,Driving
เปล่า,ဟင့်အင်း,1000,Ready,General
เปิดพัดลม,ပန်ကာကိုဖွင့်ပါ,1000,Queue,Action
เปิดหรือปิด,ဖွင့်သော သို့ ပိတ်သော,4010,Queue,Action
เป็ด,ဘဲ,2000,Queue,Animal
เป็นนักออกแบบกราฟิก,ဂရပ်ဖစ်ဒီဇိုင်း ဖြစ်ပါတယ်။,2000,Queue,General
เป็นประจำ,ပုံမှန်ပါပဲ,1000,Queue,General
เป็นประชารัฐไผทของไทยทุกส่วน,ထိုင်းနိုင်ငံတော်ကြီးရဲ့နယ်မြေအားလုံးကိုထိုင်းနိုင်ငံသားတွေပဲ ပိုင်ပါတယ်,50,Ready,Song
เป็นภาษาพม่า,ဗမာဘာသာကို,2600,Queue,General
เป็นอะไรไหม,အဆင်ပြေလား,14600,Ready,Greeting
เป็นไข้,အဖျားတက်သည်,725,Ready,Health
เป็นไงบ้าง,ဘယ်လိုနေလဲ,4100,Ready,Question
เผด็จการ,အာဏာရှင်,1000,Queue,Politics
เผ็ด,စပ်သော,500,Ready,Food
เพราะ,အဘယ်ကြောင့်ဆိုသော်,2500,Queue,General
เพราะฉันเขินฉันกลัวที่จะพูดไป,ပြောရမှာ ရှက်ပြီးကြောက်တယ်။,1000,Queue,Song
เพราะตอนนี้,ဘာလို့လဲဆိုတော့ အခု,2200,Queue,General
เพลง,သီချင်း,1500,Queue,Music
เพลงชาติไทย,ထိုင်းနိုင်ငံတော်သီချင်း,1000,Queue,Song
เพลงโปรด,အကြိုက်ဆုံးသီချင်း,1000,Queue,Music
เพิ่งมา,အခုပဲလာတယ်,5700,Ready,Statement
เพิ่มเติม,ပို၍,500,Queue,General
เพื่ออะไร,ဘာလုပ်ဖို့လဲ,5500,Queue,General
เพื่อให้ผู้อ่าน,စာဖတ်သူတွေအတွက်,2600,Queue,General
เฟอร์นิเจอร์,ပရိဘောဂ,500,Queue,Object
เมรุ,မီးသဂြိုလ်စက်,100,Ready,General
เมษายน,ဧပြီ,6400,Queue,Calendar
เมา,အရက်မူးသည်,1000,Queue,Daily
เมือง,မြို့,300,Ready,Place
เมืองไทยมีกี่ฤดูครับ,ထိုင်းမှာ ရာသီဥတုဘယ်နှမျိုးရှိလဲ။,600,Queue,Weather
เมืองไทยมีสามฤดู,ထိုင်းမှာ ရာသီသုံးမျိုးရှိတယ်။,200,Ready,Weather
เมื่อกี้ลื่นล้ม,ချော်လဲသွားတယ်,800,Ready,Verb
เมื่อวาน,မနေ့က,4000,Queue,Time
เมื่อวานนี้,တနေ့က,500,Queue,Time
เมื่อวานนี้มาสายไหมครับ,မနေ့က နောက်ကျနေသလား,600,Queue,General
เมื่อวานนี้มาเข้ามากครับ,မနေ့က (လူ)အဝင်များတယ်,600,Queue,General
เมื่อวานลมแรง,မနေ့က လေတိုက်တယ်,2000,Queue,Weather
เมื่อไร,ဘယ်အချိန်လဲ,5000,Queue,General
เมื่อไรคุณจะมา,ဘယ််အချိန်လာမှာလဲ,3500,Queue,General
เยอรมนี,ဂျာမဏီ,400,Ready,Country
เย็นตาโฟ,ပန်းရောင်ဟင်းရည်,500,Queue,Food
เรา,ငါတို့,4000,Ready,Pronoun
เรากำหนดวันพรุ่งนี้,မနက်ဖြန် ချိန်းလိုက်ကြတယ်။,1100,Ready,Daily
เราชอบเล่นเกมด้วยกัน,ကျွန်တော်တို့ အတူတူ ဂိမ်းကစားရတာ ကြိုက်တယ်,0,Queue,Leisure
เราไปดูหนังด้วยกันไหม,ကျွန်တော်တို့ ရုပ်ရှင် အတူတူ သွားကြည့်ကြမလား,0,Queue,Leisure
เริ่มงาน,အလုပ်စသည်,500,Queue,General
เริ่มทำงานกี่โมงครับ,ဘယ်အချိန်ကစလုပ်တာလဲ။,600,Queue,General
เริ่มหรือเลิก,အစပြု သို့ အဆုံးသတ်သည်,2000,Queue,General
เริ่มเรียน,စာ စသင်သည်,2000,Queue,School
เริ่มเรียนตั้งแต่เก้าโมงถึงเที่ยง,အတန်းချိန် ၉ နာရီမှ နေ့လည်အထိ။,600,Queue,School
เรียนหนังสือแล้วก็กลับบ้าน,စာသင်ပြီးတော့ အိမ်ပြန်တယ်,600,Queue,General
เรียบ,ချောမွေ့သည်,500,Queue,Adjective
เรือ,လှေ,300,Ready,Transportation
เรื่องนี้เกี่ยวข้องกับคุณ,ဒါမင်းနဲ့ဆိုင်တယ်,2735,Ready,Daily
เรไร,ဓါးခုတ်ကောင်,1500,Queue,Animal
เลข,နံပါတ်,500,Ready,Place
เลขตัวถัง,ချက်စီ,2000,Queue,Object
เลขหก,နံပါတ်ခြောက်,2500,Ready,Number
เลย,လုံးဝ,700,Ready,General
เลิกเรียน,စာသင််ပြီးသည်,1000,Ready,School
เล่นเกม,ဂိမ်းကစားသည်,0,Queue,Leisure
เล่มนี้,ဒီစာအုပ်,1500,Queue,General
เล่มนี้มาก,စာအုပ်ကို တကယ်,1500,Queue,General
เวลา,အချိန်,3500,Ready,Time
เวียดนาม,ဗီယက်နမ်,400,Ready,Country
เว็บไซต์,ဝဘ်ဆိုက်,15,Queue,Technology
เศรษฐกิจ,စီးပွားရေး,3900,Queue,Politics
เศรษฐาทวีสิน,ယခင်ဝန်ကြီးချုပ်၊ အိမ်ခြံမြေသူဌေး၊ ဖြူထိုင်းပါတီ ခေါင်းဆောင် ဆေ့ထာထ,800,Queue,Politics
เสร็จแล้ว,ပြီးပြီ,500,Ready,General
เสาโต,တိုင်အကြီး,1500,Queue,Object
เสียวมากไหม,အရမ်းစိတ်လှုပ်ရှားစရာကောင်းလား,1000,Queue,18+
เสียวเหรอ,စိတ်လှုပ်ရှားစရာကြီး,2500,Queue,18+
เสียใจ,နောင်တ,700,Queue,General
เสือก,မင်းအလုပ်မဟုတ်ဘူး,500,Queue,Slang
เสื้อ,ရှပ်,500,Queue,Clothing
เสื้อshirt,တီရှပ်,300,Ready,Clothing
เสื้อกล้าม,စွပ်ကျယ်,1300,Queue,Clothing
เสื้อกีฬา,အားကစားအင်္ကျီ,1000,Queue,Clothing
เสื้อชั้นใน,ဘရာ,1000,Queue,Clothing
เส้นหมี่ลูกชิ้นหมู,နန်းသေး ဝက်သားလုံး,500,Ready,Food
เส้นหมี่เหลือง,ဆန်ကြာဇံဝါ,500,Ready,Food
เส้นเล็ก,နန်းသေးခေါက်ဆွဲ,400,Ready,Food
เส้นใหญ่,နန်းကြီးခေါက်ဆွဲ,400,Ready,Food
เหงา,အထီးကျန်သည်,400,Ready,Emotion
เหนื่อยมาก,အရမ်းပင်ပန်းတယ်,10000,Ready,Health
เหนื่อยแต่มีความสุข,ပင်ပန်း ပေမယ့် ပျော်တယ်,1500,Queue,Daily
เหมือนกันเลย,အတူတူပဲ,3000,Queue,General
เหล้าและน้ำเปล่า,အရက်နဲ့ ရေ,500,Queue,Food
เหียง,ရဟတ်သီး,1000,Queue,Plant
เห็นด้วยไหม,သဘောတူပါသလား?,1000,Ready,Daily
เอ เอกสาร,စာရွက်စာတမ်း,5500,Ready,Vowel
เอกราชจะไม่ให้ใครข่มขี่,အချုပ်အချာအာဏာကိုဘယ်သူမှလာပြီးထိပါးစော်ကားခွင့်မပြုပါဘူး,100,Ready,Song
เอกสาร,စာရွက်စာတမ်း,0,Queue,Immigration
เอย เคย,အမြဲတမ်း,5500,Queue,Vowel
เออะ เยอะ,အများအပြား,5500,Ready,Vowel
เอะ เอะอะ,ပူပန်ခြင်း,6200,Ready,Vowel
เอา เรา,ငါတို့,5500,Queue,Vowel
เอาก๋วยเตี๋ยวครับ,ကွေ့တယိုမှာ(ယူ)မယ်,400,Ready,Food
เอาขาถู,ခြေကိုပွတ်,1000,Queue,Action
เอาขาเกา,ခြေနဲ့ကုတ်သည်,1500,Queue,Action
เอาจะไอ,ချောင်းဆိုးဦးမယ်,1000,Queue,Health
เอายี่ห้ออะไร,ဘယ််တံဆိပ်လိုချင်ပါလဲ,500,Ready,General
เอาะ เอาะ,လာပါ,5500,Ready,Vowel
เอาใจ,ဂရုစိုက်သည်,1000,Queue,Action
เอาใจเขา,သူ့ကိုဂရုစိုက်ပေးသည်,620,Queue,School
เอาใจเรา,ငါ့တို့ကို ဂရုစိုက်ပါ,1000,Queue,Action
เอียว เขียว,အစိမ်း,5500,Queue,Vowel
เอือย เอือย,ပျင်းသည်,5500,Queue,Vowel
เอ็ เอ็นดู,ချစ်စရာကောင်းသော,6000,Ready,Vowel
แกง,ဟင်း,4000,Ready,Food
แกงมัสมั่น,ချစ်တီးဟင်း,1800,Ready,Food
แกงหมู,ဝက်သားဟင်း,500,Ready,Food
แกงอ่อม,အသားချဥ်ရည်ဟင်း,3500,Queue,Food
แกงไตปลา,ငါးအူဟင်း,2000,Ready,Food
แก้ตัว,ဆင်ခြေပေးတယ်။,4500,Ready,General
แก้ว,ဖန်ခွက်,300,Ready,Object
แข่งขัน,ယှဥ်ပြိုင်သည်,0,Queue,Sport
แคบหมู,ဝက်ခေါက်ကြော်,2000,Queue,Food
แค่นี้แหละ,ဒါပါပဲ,2500,Ready,General
แค่ร้องว่าอ๊าอิยะอียา,ဒီလိုလေးပြောရုံပဲ၊ ဒီလောက်ပါပဲ။,1500,Ready,Song
แซ่บ,စပ်စပ်ကောင်းကောင်း,200,Ready,Food
แดงเลือดหมู,ဝက်သွေးရောင်,900,Queue,Color
แตงโม,ဖရဲသီး,135,Ready,Food
แตงโมและลำไย,ဖရဲသီးနဲ့ လေချူသီး,1000,Queue,Food
แต่,ဒါပေမယ့်,500,Ready,General
แต่กำลังพยายามอยู่ครับ,ဒါပေမယ့် ငါကြိုးစားနေတယ်။,700,Ready,Myself
แต่นักศึกษาหญิงชอบดื่มน้ำผลไม้,ဒါပေမယ့်ကျောင််းသူတွေက သစ်သီးဖျော်ရည်ကြိုက်ကြတယ်,300,Ready,General
แต่ปีที่แล้วอากาศหนาวมาก,ဒါပေမယ့် မနှစ်က ရာသီဥတုက အရမ်းအေးတယ်။,1100,Queue,Weather
แต่ผมชอบ,ဒါပေမယ့် ကျနော် သဘောကျတယ်,1700,Queue,General
แต่ผมฝึกทุกวัน,ဒါပေမယ့် နေ့တိုင်းလေ့ကျင့်နေတယ်။,2000,Queue,General
แต่ผมโชคดี,ဒါပေမယ့် ငါကံကောင်းတယ်,2000,Ready,General
แต่เธอก็เขินอายอย่างนั้น,ဒါပေမယ့် သူအရမ်းရှက်သွားတယ်,1000,Queue,Song
แทนที่จะซื้อหนังสือเล่ม,စာအုပ်ဝယ်မယ့်အစား,2700,Queue,General
แท็กเน้นๆเลย,သေချာလုပ်,1500,Queue,General
แน่นหรือหลวม,ချောင်သော သို့ ကျပ်သော,2000,Queue,Adjective
แน่นอน,ဒါပေါ့,3000,Queue,General
แบตเตอรี่หมด,ဘက်ထရီကုန်သွားပြီ,0,Queue,Technology
แบบฝึก,လေ့ကျင့်ခန်း,1000,Queue,Education
แบบฟอร์ม,ပုံစံ,0,Queue,Immigration
แปด,ရှစ်,5200,Ready,Number
แปดแก้วน้ำ,ရေ ၈ ခွက်,2500,Queue,Food
แปลกๆ,တမျိုးကြီး,500,Ready,Adjective
แปลภาษา,ဘာသာပြန်ခြင်း,50,Ready,General
แป๊บนึง,ခဏလေး,300,Ready,General
แป๊บนึงได้ไหม,ခဏငှားလို့,1800,Queue,Daily
แป๊บเดียว,ခဏပဲ,100,Ready,Time
แผนที่,မြေပုံ,5000,Queue,Object
แผ่นดินไหว,ငလျင်,2000,Queue,Nature
แผ่นดินไหวที่สะกายหนักมากเลยนะ,စစ်ကိုင်းမှာ ငလျင်ဒဏ်တော်တော်ဆိုးတယ်,1000,Queue,Nature
แพงจัง,အလွန်ဈေးကြီးသော,700,Queue,Adjective
แพงหรือถูก,ဈေးကြီး သို့ ဈေးချို,6300,Queue,Adjective
แพทองธารชินวัตร,ဝန်ကြီးချုပ်၊ သက်ဆင်သမီး၊ ဖယ်သုံန်-ထာန်-ချင်နာဝက်သ်,300,Ready,Politics
แพ้,ရှုံးနိမ့်သည်,0,Queue,Sport
แฟนผมชอบโยเยเวลางอน,ကျနော့်ကောင်မလေးက စိတ်ဆိုးတဲ့အခါ ဂျီကျတတ်တယ်။,500,Queue,General
แม่ครัว,စားဖိုမှူး(မ),4000,Ready,Job
แม่น้ำและดอกไม้,ပန်းနဲ့ မြစ်,2500,Queue,Nature
แม่สายอยู่ไกลกว่าเชียงราย,ဟ,2000,Queue,Place
แม่เหียะ,မဲ့ဟဲား,1500,Ready,Place
แย่คับ,ဆိုးတယ်။,6500,Ready,Greeting
แรกและสุดท้าย,ပထမနှင့်နောက်ဆုံး,5000,Queue,General
และ,နှင့်,500,Ready,General
และก็,နောက်ပြီးတော့,500,Ready,General
และขอสามแก้วเปล่าไม่เอาน้ำแข็ง,ခွက်လွတ် ၃ လုံးပေးပါ။ ရေခဲမထည့်ဘူး,100,Ready,Food
และขอโซดาสองขวดน้ำแข็งเปล่า,ဆိုဒါ ၂ ပုလင်းနဲ့ ရေခဲအလွတ်ပေးပါ,200,Ready,Food
และฉันก็เหมือนเธอแค่เพียงเท่านี้เป็นอันเข้าใจ,နှစ်ကိုယ်ကြားလေးပဲ၊ အတူတူရင်ထဲက နားလည်တယ်။,1500,Ready,Song
และฉันจะขอเป็นคนนั้นที่ดูแลหัวใจ,ဒါဆိုရင် မင်းရဲ့ပျော်ရွှင်မှုအားလုံး ဆောင်ကျဥ်းပေးတဲ့သူ ဖြစ်နိုင်ပြီ။,1000,Queue,Song
และชีวประวัติ,အတ္ထုပတ္တိနဲ့,2200,Queue,General
และต่างประเทศ,နောက်ပြီး နိုင်ငံခြားက(စာရေးဆရာ),2700,Queue,General
และสังคม,လူမှုရေးနဲ့,2400,Queue,Politics
และเข้าเรียนเวลา9โมง,နောက်ပြီး ၉ နာရီမှာ ကျောင်းတက်တယ်,600,Queue,School
และเลิกงานกี่โมงครับ,နောက် အလုပ်က ဘယ်နှနာရီဆင်းလဲ,600,Queue,General
และแก้วเพิ่มอีกสองใบครับ,ခွက် ၂ လုံးထပ်ပေးပါ,500,Queue,Object
และโดสโตเยฟสกี,နောက်ပြီး ဒိုစတိုယက်စကီး,2200,Queue,General
แล้วคุณล่ะคะ,ခင်ဗျားကော,10,Ready,General
แล้วงาน,ဤစာအုပ်ကို ယခုရရှိနိုင်ပါပြီ။,2500,Queue,General
แล้วเธอคิดอย่างไรเมื่อได้รู้บอกทีอยากฟังจากปากเธอ,သိသွားတဲ့အခါမင်းသဘောထားက ဘယ်လိုလဲ ကိုယ့်ကိုပြောပါ,1500,Queue,Song
แว่นกันแดด,နေကာမျက်မှန်,500,Ready,Object
แว่นตา,မျက်မှန်,500,Ready,Object
แสงกระจายไปทั่วห้อง,အလင်းရောင်က အခန်းတစ်ခုလုံးပျံ့နှံ့သွားတယ်။,2300,Ready,Daily
แสงดวงดาวพร่างพราวประกายสวยงาม,ကြယ်ရောင်လေးတွေက တောက်ပပြီးလှတယ်,1000,Queue,Song
แหนมทอด,ဝက်သားချဥ်ကြော်,1500,Queue,Food
แหวน,လက်စွပ်,500,Ready,Clothing
แห้ง,အရည်မပါ,500,Queue,Food
แอ แข่ง,ပြိုင်ပွဲ,6000,Ready,Vowel
แอนน์และจอห์นมาเรียนภาษาไทยทุกวัน,အန်းနဲ့ဂျွန်က ထိုင်းစာနေ့တိုင်းလာ သင်တယ်,400,Ready,School
แอปพลิเคชัน,အပလီကေးရှင်း,0,Queue,Technology
แอว แมว,ကြောင်,6500,Queue,Vowel
แอะ และ,နှင့်,5505,Ready,Vowel
โข,အလွန်,800,Ready,General
โคมลอย,မီးပုံး,1000,Queue,Festival
โคมไฟ,မီးစလောင်း,1000,Queue,Object
โครงสร้าง,ဝါကျပုံစံ,2000,Queue,General
โค้ก,ကိုကာကိုလာ,800,Queue,Drink
โค้ช,နည်းပြ,100,Ready,Sport
โฆษณา,ကြော်ငြာ,3000,Queue,General
โชคดี,ကံကောင်းပါစေ,11000,Ready,Greeting
โดยเฉพาะ,အထူးသဖြင့်,200,Ready,General
โดยเฉพาะอย่างยิ่ง,အထူးသဖြင့်,2000,Ready,General
โตตาดี,မျက်လုံးကြီီးကောင်း,500,Ready,School
โต๊ะและเก้าอี้,စားပွဲနဲ့ ကုလားထိုင်,5000,Queue,Object
โทรทัศน์,တီဗွီ,800,Queue,Object
โทรศัพท์,ဖုန်း,500,Ready,Object
โปรดช่วยกันรักษาความสะอาด,သန့်ရှင်းအောင်ကူညီပေးပါ။,1000,Ready,General
โมง,နာရီထိုး(နေ့ဖက်),10,Ready,Time
โมเม,ထင်မြင်သည်,1500,Queue,Action
โมโห,ဒေါသထွက်သော,1000,Queue,Emotion
โยเย,ဂျီကျ,1000,Queue,Adjective
โรงงาน,အလုပ်ရုံ/စက်ရုံ,4500,Ready,Place
โรงพยาบาล,ဆေးရုံ,1000,Queue,Place
โรงแรม,ဟိုတယ်,1000,Queue,Place
โอ โชค,လာဘ်,6000,Ready,Vowel
โอกาสอย่างนี้ต้องพูดไป,ခုလိုအခွင့်အရေးရှိချိန်ဖွင့်ပြောရမယ်,1000,Queue,Song
โอบ,ဖက်သည်,800,Queue,Action
โอะ โต๊ะ,စားပွဲ,5500,Ready,Vowel
โอ๊ยเสียว,အားထိချက်ပဲ,500,Queue,18+
ใกล้กับห้างสรรพสินค้าเมญ่า,မေယရှော့ပင်းမောအနီး,1000,Ready,Daily
ใกล้หมดอายุแล้ว,သက်တမ်းကုန်တော့မယ်,535,Queue,Driving
ใคร,ဘယ်သူလဲ,1500,Queue,General
ใครสวยที่สุดในห้องนี้?,အခန်းထဲဲမှာ ဘယ်သူအချောဆုံးလဲ,300,Ready,Question
ใครเก่งที่สุดในห้องเรียน?,အခန်းထဲမှာ ဘယ်သူစာအတော်ဆုံးလဲ,600,Queue,Question
ใครเป็นเจ้าของ,ဘယ်သူပိုင်လဲ,6500,Queue,General
ใครเป็นเพื่อนของคุณ,ဘယ်သူက မင်း သူငယ်ချင်းလဲ,400,Ready,Question
ใจดี,ကြင်နာသည်,1000,Ready,Adjective
ใจดํา,အနက်ရောင်နှလုံးသား,500,Ready,School
ใช้,အသုံးပြုသည်,1100,Queue,Verb
ใช้ดัมเบล,dumbbell တွေ သုံးတယ်။,1500,Queue,Object
ใช้ทางเบี่ยง,လမ်းလွှဲမှ သွားပါ။,1000,Queue,General
ใต้และเหนือ,တောင်နဲ့ မြောက်,2000,Queue,Direction
ในนาเรา,တို့လယ်မှာ,500,Ready,School
ในพม่า,ဗမာစာနဲ့,2600,Queue,General
ในรูงู,မြွေကျင်းထဲမှာ,500,Ready,School
ในเตา,မီးဖိုအထဲမှာ,1500,Queue,Place
ใบ,သစ်ရွက်,200,Ready,Object
ใบขับขี่,ယာဥ်မောင်းလိုင်စင်,1000,Queue,Document
ใบคะน้า,ကိုက်လန်ပါ,500,Queue,Food
ใบอนุญาตทำงาน,အလုပ်လုပ်ခွင့်ပါမစ်,0,Queue,Immigration
ใบอนุญาตทำงาน,အလုပ်သမားကဒ်,200,Ready,Document
ใสดี,ကြည်ကြည်ကောင်းကောင်း,500,Ready,School
ใส่,ထည့်သည်/သွတ်သည်,400,Ready,Action
ใส่น้ำตาลสองก้อนไม่ใส่ครีม,သကြား ၂ တုံးထည့်ပါ ခရမ်မထည့်ဘူး,500,Queue,Food
ใส่ผักเยอะๆหน่อย,အရွက်များများလေး,500,Ready,Daily
ให้คนอ้างว้างอย่างฉัน,ကိုယ့်လို အထီးကျန်သူတစ်ယောက်အတွက်,1000,Queue,Song
ให้อ่านว่า,ဒီလိုလေးဖတ်ကြစို့,1000,Queue,Education
ให้และเอา,ပေးနဲ့ယူ,11700,Ready,Verb
ให้และเอา,ပေး နဲ့ ယူ,2000,Queue,Action
ใอ ใจ,စိတ်,5500,Queue,Vowel
ไก่ทอด,ကြက််ကြော်,1000,Queue,Food
ไก่ผัดเม็ดมะม่วง,အစိမ်းကြော်,1500,Ready,Food
ไก่ย่าง,ကြက်ကင်,500,Queue,Food
ไข่คน,မွှေကြော်,5000,Queue,Food
ไข่ดาว,ဟက်ဘွိုင်,2000,Queue,Food
ไข่ต้ม,ဥပြုတ်,2000,Queue,Food
ไข่เจียว,အချပ်ကြော်,2000,Queue,Food
ไต,ကျောက်ကပ်,1000,Queue,Body
ไถไปไวไว,မြန်မြန်ထွန်,1500,Queue,Action
ไทยนี้รักสงบแต่ถึงรบไม่ขลาด,ထိုင်းလူမျိုးတွေက ငြိမ်းချမ်းမှုကိုချစ်မြတ်နိုးတယ် ဒါပေမယ့် တိုက်ခိုက်ရမယ်ဆိုလည်း မကြောက်ရွှံခဲ့ဘူး,100,Ready,Song
ไทยใหญ่,ရှမ်း,4000,Ready,People
ไปกรุงเทพฯเมื่อวานนี้,မနေ့က ဘန်ကောက်ကို သွားခဲ့တယ်,1000,Queue,Daily
ไปคาเฟ่,ကော်ဖီဆိုင်သွားသည်,0,Queue,Leisure
ไปที่ไร,ဘယ်သွားလဲ,500,Ready,General
ไปปีใด,ဘယ်နှစ််ကိုသွားလဲ,1000,Queue,Question
ไปรษณีย์,စာတိုက်,1000,Queue,Place
ไปอะไร,ဘာဖြစ်တာလဲ,8500,Ready,General
ไปเดินเล่น,လမ်းလျှောက်ထွက်သည်,0,Queue,Leisure
ไปเดินเล่นในสวนสาธารณะกัน,ပန်းခြံထဲမှာ လမ်းလျှောက်ထွက်ကြမယ်,5,Queue,Leisure
ไปเที่ยวที่ไหนดี,ဘယ်နေရာကို အလည်သွားရင် ကောင်းမလဲ,0,Queue,Leisure
ไปเที่ยววันหยุด,အားလပ်ရက်မှာ အလည်သွားသည်,0,Queue,Leisure
ไปและมา,သွားနဲ့လာ,8000,Ready,Verb
ไฟเรือง,မီးသီး/ချောင်း,5800,Ready,House
ไมโครโฟน,မိုက်ခရိုဖုန်း,500,Ready,Object
ไม่ควรมา,မလာသင့်ဘူး,6000,Ready,Advice
ไม่คิดค่าใช้จ่าย,အခမဲ့,3500,Queue,General
ไม่ค่อยสบาย,နေသိပ်မကောင်းဘူး,500,Queue,Health
ไม่ค่อยเก่งหรอกครับ,သိပ်မတတ်ဘူး,1500,Ready,General
ไม่ต้องคิดมาก,အရမ်းမတွေးနဲ့,9000,Ready,Daily
ไม่ต้องมา,လာဖို့မလိုဘူး/မလာနဲ့,3000,Ready,Permission
ไม่ถูก,မှား,500,Queue,Adjective
ไม่ทำอะไร,ဘာမှမလုပ်ဘူး,6100,Ready,Daily
ไม่มา,မလာဘူး,4000,Ready,Statement
ไม่มีความหวัง,မျှော်လင့်ချက်မရှိဘူး,4600,Ready,General
ไม่มีตังค์แล้ว,ပိုက်ဆံမရှိတော့ဘူး,2500,Ready,Daily
ไม่มีธุระ,ကိစ္စမရှိဘူး(အလုပ်),4300,Ready,Daily
ไม่มีอะไรทำ,ဘာမှလုပ်စရာမရှိဘူး,4000,Ready,Daily
ไม่มีแรง,အားမရှိဘူး,500,Ready,Health
ไม่มีโปร,အကျိုးမရှိဘူး,2500,Ready,General
ไม่มีใครมา,ဘယ်သူမှမလာဘူး,3400,Ready,Daily
ไม่มีใครเข้าใจผม,ငါ့ကိုဘယ်သူမှ နားမလည်ဘူး,3000,Ready,Daily
ไม่มีใครเชื่อ,ဘယ်သူမှ မယုံဘူး,3200,Ready,Daily
ไม่มีใครเห็น,ဘယ်သူမှမမြင်ဘူး,3500,Ready,Daily
ไม่มีใครเอา,ယူမယ့်လူမရှိဘူး,5130,Ready,Daily
ไม่ยุติธรรม,မတရားဘူး။,400,Ready,General
ไม่สนุกแล้ว,အဆင်မပြေပါဘူးကွာ,350,Ready,Emotion
ไม่อยากกินอะไรเลย,ဘာမှမစားချင်ဘူး,6500,Ready,Food
ไม่อยากมา,မလာချင်ဘူး,4000,Ready,Statement
ไม่เข้าใจ,နားမလည်ဘူး,7000,Ready,Question
ไม่เคยบอกรักใครคนไหนเพิ่งจะมีแค่เธอ,ဘယ်သူ့ကိုမှ ချစ်တယ်လို့မပြောဖူးဘူး။ မင်းတယောက်တည်းပဲရှိတယ်။,1300,Queue,Song
ไม่เคยมา,မလာဖူးဘူး,4000,Ready,Experience
ไม่เจอกันนานเลยนะ,နည်းနည်းကြာပြီနော်။,9000,Ready,Greeting
ไม่เป็นไรครับ,ရပါတယ်,300,Ready,Daily
ไม่แพง,ဈေးမကြီးဘူး,1000,Queue,Money
ไม่ใช่ผมต้องไปทำงานตอนเย็นครับ,မဟုတ်ဘူး၊ ညနေအလုပ်သွားရမယ်,800,Queue,General
ไม่ใส่น้ำตาลไม่ใส่ครีมนะ,သကြားမထည့် ခရမ်မထည့်ပါ,200,Ready,Food
ไม้กวาด,တံမြက်စည်း,6500,Ready,House
ไม้จิ้มฟัน,သွားကြားထိုးတံ,800,Queue,Object
ไม้ประดู่,ပိတောက်,2000,Queue,Nature
ไม้สัก,ကျွန်းပင်,600,Queue,Nature
ไม้ไผ่,ဝါးပင်,3000,Queue,Plant
ไวยากรณ์,သဒ္ဒါ,3700,Queue,Education
ไวไว,မြန်မြန်,500,Ready,General
ไอ ไม่,အငြင်းဝါကျ,5500,Queue,Vowel
ไอย ไทย,ထိုင်း,5500,Queue,Vowel
ๆ,စသဖြင့်,500,Queue,Education
